Statement date,Statement ID,Payment ID,Status,Currency,Type,Order/adjustment ID,SKU ID,Quantity,Product name,SKU name,Order created date,Order shipment date,Order delivery date,Total settlement amount,Net sales,Gross sales,Gross sales refund,Seller discount,Seller discount refund,Shipping,TikTok Shop shipping fee,Fulfilled by TikTok Shop shipping fee,Signature confirmation service fee,Shipping insurance fee,Customer-paid shipping fee,Customer-paid shipping fee refund,TikTok Shop shipping incentive,TikTok Shop shipping incentive refund,Shipping fee subsidy,Return shipping fee,FBT fulfillment fee,Customer shipping fee offset,Shipping fee discount,Return shipping label fee,FBT fulfillment fee reimbursement,Return shipping fee (paid by customers),Return shipping fee reimbursement,Fees,Transaction fee,Referral fee,Refund administration fee,Affiliate Commission,Affiliate partner commission,Affiliate Shop Ads commission,TikTok Shop Partner commission,Co-funded promotion (seller-funded),Smart Promotion fee tax,Co-funded creator bonus,Affiliate commission deposit,Affiliate commission refund,Affiliate Partner shop ads commission,Campaign service fee,Campaign resource fee,Sales tax on referral fees,Smart Promotion fee,Adjustment amount,Adjustment reason,Related order ID  ,Unnamed: 59,Customer payment,Customer refund,Seller co-funded voucher discount,Seller co-funded voucher discount refund,Platform discounts,Platform discounts refund,Platform co-funded voucher discounts,Platform co-funded voucher discounts refund,Ads referral fee discount,Sales tax payment,Sales tax refund,Retail delivery fee payment,Retail delivery fee refund,Customer-paid shipping fee before discounts,Seller shipping fee discount,TikTok Shop shipping fee discount to customer,Mode of TikTok Shop shipping fee discount to customer,Return shipping fee (paid by customers).1,Estimated chargeable package weight,Chargeable package weight,FBT Chargeable goods weight,Collection methods,Delivery option,Signature confirmation service fee type
2025/03/29,7486988636731262763,3460644217566302321,Paid,USD,Order,576916624443478166,1729429021578989681,1,Cherri String Thong | Wide Gusset Lip-Slip Free Underwear | Stretchy Breathable Organic Cotton Panties Womenswear Comfort Lady,"S/M, Black Licorice",2025/03/12,2025/03/20,2025/03/21,26.32,28.0,28.0,0.0,0.0,0.0,0.0,0,0,0,0,0.0,0,0,0,0.0,0,0,0,0.0,0,0,0,0,-1.68,0,-1.68,0.0,0,0,0,0,0,0,0,0,0,0,0,0,0,0,0,/,576916624443478166,,30.42,0.0,0,0,0.0,0,0,0,0.0,-2.42,0.0,0.0,0,0.0,0,0.0,/,0,91,0,/,/,/,/
2025/03/27,7486189298602018603,3460618134610022513,Paid,USD,Order,576928215866052817,1729385494227357809,1,Cherri Mid-Rise Thong | Wide Gusset Lip-Slip Free Underwear | Stretchy Breathable Organic Cotton Panties Womenswear,"M/L, Black Licorice",2025/03/21,/,/,-0.27,0.0,28.0,-28.0,-5.6,5.6,0.0,0,0,0,0,0.0,0,0,0,0.0,0,0,0,0.0,0,0,0,0,-0.27,0,0.0,-0.27,0,0,0,0,0,0,0,0,0,0,0,0,0,0,0,/,576928215866052817,,17.4,-17.4,0,0,5.0,-5,0,0,0.0,0.0,0.0,0.0,0,0.0,0,0.0,/,0,91,0,/,/,/,/
2025/03/27,7486189298602018603,3460618134610022513,Paid,USD,Order,576918557033075191,1729422244579414129,1,Cherri High Cut Thong | Wide Gusset Lip Slip Free Underwear | Stretchy Breathable Organic Cotton Panties Womenswear,"1X/2X, Logo Black Licorice",2025/03/14,2025/03/15,2025/03/19,26.32,28.0,28.0,0.0,0.0,0.0,0.0,0,0,0,0,0.0,0,0,0,0.0,0,0,0,0.0,0,0,0,0,-1.68,0,-1.68,0.0,0,0,0,0,0,0,0,0,0,0,0,0,0,0,0,/,576918557033075191,,30.17,0.0,0,0,0.0,0,0,0,0.0,-2.17,0.0,0.0,0,0.0,0,0.0,/,0,250,0,/,/,/,/
2025/03/27,7486189298602018603,3460618134610022513,Paid,USD,Order,576918557033075191,1729420441753849969,1,Cherri High Cut Brief | Wide Gusset Lip Slip Free Underwear | Stretchy Breathable Organic Cotton | Thick Soft Waistband Panties Womenswear,"1X/2X, Logo Red Candy Apple",2025/03/14,2025/03/15,2025/03/19,26.32,28.0,28.0,0.0,0.0,0.0,0.0,0,0,0,0,0.0,0,0,0,0.0,0,0,0,0.0,0,0,0,0,-1.68,0,-1.68,0.0,0,0,0,0,0,0,0,0,0,0,0,0,0,0,0,/,576918557033075191,,30.17,0.0,0,0,0.0,0,0,0,0.0,-2.17,0.0,0.0,0,0.0,0,0.0,/,0,57,0,/,/,/,/
2025/03/26,7485790705357621038,3460605552312160369,Paid,USD,Order,576909224627901219,1729429021579776113,1,Cherri String Thong | Wide Gusset Lip-Slip Free Underwear | Stretchy Breathable Organic Cotton Panties Womenswear Comfort Lady,"M/L, Polka Dot",2025/03/06,2025/03/14,2025/03/18,26.32,28.0,28.0,0.0,0.0,0.0,0.0,0,0,0,0,0.0,0,0,0,0.0,0,0,0,0.0,0,0,0,0,-1.68,0,-1.68,0.0,0,0,0,0,0,0,0,0,0,0,0,0,0,0,0,/,576909224627901219,,27.53,0.0,0,0,2.8,0,0,0,0.0,-2.33,0.0,0.0,0,0.0,0,0.0,/,0,91,0,/,/,/,/
2025/03/26,7485790705357621038,3460605552312160369,Paid,USD,Order,576909224627901219,1729421707549446257,1,Cherri Bikini Brief Panty | Wide Gusset Lip-Slip Free Underwear | Stretchy Breathable Organic Cotton Panties Womenswear,"M/L, Black Licorice",2025/03/06,2025/03/14,2025/03/18,26.32,28.0,28.0,0.0,0.0,0.0,0.0,0,0,0,0,0.0,0,0,0,0.0,0,0,0,0.0,0,0,0,0,-1.68,0,-1.68,0.0,0,0,0,0,0,0,0,0,0,0,0,0,0,0,0,/,576909224627901219,,27.53,0.0,0,0,2.8,0,0,0,0.0,-2.33,0.0,0.0,0,0.0,0,0.0,/,0,400,0,/,/,/,/
2025/03/26,7485790705357621038,3460605552312160369,Paid,USD,Order,576909224627901219,1729385494227357809,1,Cherri Mid-Rise Thong | Wide Gusset Lip-Slip Free Underwear | Stretchy Breathable Organic Cotton Panties Womenswear,"M/L, Black Licorice",2025/03/06,2025/03/14,2025/03/18,26.32,28.0,28.0,0.0,0.0,0.0,0.0,0,0,0,0,0.0,0,0,0,0.0,0,0,0,0.0,0,0,0,0,-1.68,0,-1.68,0.0,0,0,0,0,0,0,0,0,0,0,0,0,0,0,0,/,576909224627901219,,27.53,0.0,0,0,2.8,0,0,0,0.0,-2.33,0.0,0.0,0,0.0,0,0.0,/,0,91,0,/,/,/,/
2025/03/21,7483971029187233578,3460545046716518513,Paid,USD,Order,576923027629314061,1729420443135479921,1,Cherri Mid-Rise Thong | Wide Gusset Lip-Slip Free Underwear | Stretchy Breathable Organic Cotton Panties Womenswear,"M/L, Blueberry",2025/03/17,/,/,-0.34,0.0,28.0,-28.0,0.0,0.0,0.0,0,0,0,0,0.0,0,0,0,0.0,0,0,0,0.0,0,0,0,0,-0.34,0,0.0,-0.34,0,0,0,0,0,0,0,0,0,0,0,0,0,0,0,/,576923027629314061,,29.68,-29.68,0,0,0.0,0,0,0,0.0,-1.68,1.68,0.0,0,0.0,0,0.0,/,0,91,0,/,/,/,/
2025/03/21,7483971029187233578,3460545046716518513,Paid,USD,Order,576911422869246905,1729385494484193393,1,Cherri String Bikini Bottom | Wide Gusset Lip-Slip Free Swimwear | Cheeky Brazilian Style,"M/L, Bubblegum Pink",2025/03/07,2025/03/11,2025/03/13,18.8,20.0,20.0,0.0,0.0,0.0,0.0,0,0,0,0,0.0,0,0,0,0.0,0,0,0,0.0,0,0,0,0,-1.2,0,-1.2,0.0,0,0,0,0,0,0,0,0,0,0,0,0,0,0,0,/,576911422869246905,,21.2,0.0,0,0,0.0,0,0,0,0.0,-1.2,0.0,0.0,0,0.0,0,0.0,/,0,250,0,/,/,/,/
2025/03/21,7483971029187233578,3460545046716518513,Paid,USD,Order,576911422869246905,1729421727802036337,1,Cherri String Bikini Top | Adjustable Straps | No Padding,"L/XL, Bubblegum Pink",2025/03/07,2025/03/11,2025/03/13,16.92,18.0,18.0,0.0,0.0,0.0,0.0,0,0,0,0,0.0,0,0,0,0.0,0,0,0,0.0,0,0,0,0,-1.08,0,-1.08,0.0,0,0,0,0,0,0,0,0,0,0,0,0,0,0,0,/,576911422869246905,,19.08,0.0,0,0,0.0,0,0,0,0.0,-1.08,0.0,0.0,0,0.0,0,0.0,/,0,250,0,/,/,/,/
2025/03/15,7481734471583303470,3460483898325700721,Paid,USD,Order,576900068483633741,1729420443135479921,1,Cherri Mid-Rise Thong | Wide Gusset Lip-Slip Free Underwear | Stretchy Breathable Organic Cotton Panties Womenswear,"M/L, Blueberry",2025/02/26,2025/03/04,2025/03/07,26.32,28.0,28.0,0.0,0.0,0.0,0.0,0,0,0,0,0.0,0,0,0,0.0,0,0,0,0.0,0,0,0,0,-1.68,0,-1.68,0.0,0,0,0,0,0,0,0,0,0,0,0,0,0,0,0,/,576900068483633741,,30.17,0.0,0,0,0.0,0,0,0,0.0,-2.17,0.0,0.0,0,0.0,0,0.0,Co-funded,0,91,0,/,/,/,/
2025/03/15,7481734471583303470,3460483898325700721,Paid,USD,Order,576900068483633741,1729385494227357809,1,Cherri Mid-Rise Thong | Wide Gusset Lip-Slip Free Underwear | Stretchy Breathable Organic Cotton Panties Womenswear,"M/L, Black Licorice",2025/02/26,2025/03/04,2025/03/07,-0.34,0.0,28.0,-28.0,0.0,0.0,0.0,0,0,0,0,0.0,0,0,0,0.0,0,0,0,0.0,0,0,0,0,-0.34,0,0.0,-0.34,0,0,0,0,0,0,0,0,0,0,0,0,0,0,0,/,576900068483633741,,30.17,-30.17,0,0,0.0,0,0,0,0.0,-2.17,2.17,0.0,0,0.0,0,0.0,Co-funded,0,91,0,/,/,/,/
2025/03/15,7481734471583303470,3460483898325700721,Paid,USD,Order,576900068483633741,1729429021579776113,1,Cherri String Thong | Wide Gusset Lip-Slip Free Underwear | Stretchy Breathable Organic Cotton Panties Womenswear Comfort Lady,"M/L, Polka Dot",2025/02/26,2025/03/04,2025/03/07,26.32,28.0,28.0,0.0,0.0,0.0,0.0,0,0,0,0,0.0,0,0,0,0.0,0,0,0,0.0,0,0,0,0,-1.68,0,-1.68,0.0,0,0,0,0,0,0,0,0,0,0,0,0,0,0,0,/,576900068483633741,,30.17,0.0,0,0,0.0,0,0,0,0.0,-2.17,0.0,0.0,0,0.0,0,0.0,Co-funded,0,91,0,/,/,/,/
2025/03/14,7481366302424155950,3460476015282131057,Paid,USD,Order,576901642409185690,1729385494484258929,1,Cherri String Bikini Bottom | Wide Gusset Lip-Slip Free Swimwear | Cheeky Brazilian Style,"2X/3X, Bubblegum Pink",2025/02/27,2025/03/04,2025/03/06,18.8,20.0,20.0,0.0,0.0,0.0,0.0,0,0,0,0,0.0,0,0,0,0.0,0,0,0,0.0,0,0,0,0,-1.2,0,-1.2,0.0,0,0,0,0,0,0,0,0,0,0,0,0,0,0,0,/,576901642409185690,,21.65,0.0,0,0,0.0,0,0,0,0.0,-1.65,0.0,0.0,0,0.0,0,0.0,Co-funded,0,250,0,/,/,/,/
2025/03/14,7481366302424155950,3460476015282131057,Paid,USD,Order,576901642409185690,1729421727802429553,1,Cherri String Bikini Top | Adjustable Straps | No Padding,"2X/3X, Bubblegum Pink",2025/02/27,2025/03/04,2025/03/06,16.92,18.0,18.0,0.0,0.0,0.0,0.0,0,0,0,0,0.0,0,0,0,0.0,0,0,0,0.0,0,0,0,0,-1.08,0,-1.08,0.0,0,0,0,0,0,0,0,0,0,0,0,0,0,0,0,/,576901642409185690,,19.49,0.0,0,0,0.0,0,0,0,0.0,-1.49,0.0,0.0,0,0.0,0,0.0,Co-funded,0,250,0,/,/,/,/
2025/03/13,7480950228506511147,3460466422368079985,Paid,USD,Order,576904673778373489,1729429021579776113,1,Cherri String Thong | Wide Gusset Lip-Slip Free Underwear | Stretchy Breathable Organic Cotton Panties Womenswear Comfort Lady,"M/L, Polka Dot",2025/03/02,2025/03/04,2025/03/05,26.32,28.0,28.0,0.0,0.0,0.0,0.0,0,0,0,0,0.0,0,0,0,0.0,0,0,0,0.0,0,0,0,0,-1.68,0,-1.68,0.0,0,0,0,0,0,0,0,0,0,0,0,0,0,0,0,/,576904673778373489,,28.0,0.0,0,0,0.0,0,0,0,0.0,0.0,0.0,0.0,0,0.0,0,0.0,/,0,91,0,/,/,/,/
2025/03/12,7480615843819259691,3460455777519243377,Paid,USD,Order,576901689557159982,1729420443135742065,1,Cherri Mid-Rise Thong | Wide Gusset Lip-Slip Free Underwear | Stretchy Breathable Organic Cotton Panties Womenswear,"L/XL, Blueberry",2025/02/27,2025/02/28,2025/03/04,26.32,28.0,28.0,0.0,0.0,0.0,0.0,0,0,0,0,0.0,0,0,0,0.0,0,0,0,0.0,0,0,0,0,-1.68,0,-1.68,0.0,0,0,0,0,0,0,0,0,0,0,0,0,0,0,0,/,576901689557159982,,29.12,0.0,0,0,0.0,0,0,0,0.0,-1.12,0.0,0.0,0,0.0,0,0.0,Co-funded,0,91,0,/,/,/,/
2025/03/12,7480615843819259691,3460455777519243377,Paid,USD,Order,576901689557159982,1729385494227423345,1,Cherri Mid-Rise Thong | Wide Gusset Lip-Slip Free Underwear | Stretchy Breathable Organic Cotton Panties Womenswear,"L/XL, Black Licorice",2025/02/27,2025/02/28,2025/03/04,26.32,28.0,28.0,0.0,0.0,0.0,0.0,0,0,0,0,0.0,0,0,0,0.0,0,0,0,0.0,0,0,0,0,-1.68,0,-1.68,0.0,0,0,0,0,0,0,0,0,0,0,0,0,0,0,0,/,576901689557159982,,29.12,0.0,0,0,0.0,0,0,0,0.0,-1.12,0.0,0.0,0,0.0,0,0.0,Co-funded,0,91,0,/,/,/,/
2025/03/12,7480615843819259691,3460455777519243377,Paid,USD,Order,576889243840975021,1729420443135217777,1,Cherri Mid-Rise Thong | Wide Gusset Lip-Slip Free Underwear | Stretchy Breathable Organic Cotton Panties Womenswear,"S/M, Blueberry",2025/02/17,2025/02/27,2025/03/04,26.32,28.0,28.0,0.0,0.0,0.0,0.0,0,0,0,0,0.0,0,0,0,0.0,0,0,0,0.0,0,0,0,0,-1.68,0,-1.68,0.0,0,0,0,0,0,0,0,0,0,0,0,0,0,0,0,/,576889243840975021,,29.12,0.0,0,0,0.0,0,0,0,0.0,-1.12,0.0,0.0,0,0.0,0,0.0,/,0,91,0,/,/,/,/
2025/03/08,7478861744916514602,3460425751626616945,Paid,USD,Order,576899020822253726,1729420441753849969,1,Cherri High Cut Brief | Wide Gusset Lip Slip Free Underwear | Stretchy Breathable Organic Cotton | Thick Soft Waistband Panties Womenswear,"1X/2X, Logo Red Candy Apple",2025/02/25,2025/02/26,2025/02/28,26.32,28.0,28.0,0.0,0.0,0.0,0.0,0,0,0,0,0.0,0,0,0,0.0,0,0,0,0.0,0,0,0,0,-1.68,0,-1.68,0.0,0,0,0,0,0,0,0,0,0,0,0,0,0,0,0,/,576899020822253726,,30.31,0.0,0,0,0.0,0,0,0,0.0,-2.31,0.0,0.0,0,0.0,0,0.0,Co-funded,0,57,0,/,/,/,/
2025/03/08,7478861744916514602,3460425751626616945,Paid,USD,Order,576899020822253726,1729420443136331889,1,Cherri Mid-Rise Thong | Wide Gusset Lip-Slip Free Underwear | Stretchy Breathable Organic Cotton Panties Womenswear,"2X/3X, Polka Dot",2025/02/25,2025/02/26,2025/02/28,26.32,28.0,28.0,0.0,0.0,0.0,0.0,0,0,0,0,0.0,0,0,0,0.0,0,0,0,0.0,0,0,0,0,-1.68,0,-1.68,0.0,0,0,0,0,0,0,0,0,0,0,0,0,0,0,0,/,576899020822253726,,30.31,0.0,0,0,0.0,0,0,0,0.0,-2.31,0.0,0.0,0,0.0,0,0.0,Co-funded,0,91,0,/,/,/,/
2025/03/08,7478861744916514602,3460425751626616945,Paid,USD,Order,576892894097413095,1729385494227161201,1,Cherri Mid-Rise Thong | Wide Gusset Lip-Slip Free Underwear | Stretchy Breathable Organic Cotton Panties Womenswear,"3X/4X, Black Licorice",2025/02/20,2025/02/21,2025/02/27,26.32,28.0,28.0,0.0,0.0,0.0,0.0,0,0,0,0,0.0,0,0,0,0.0,0,0,0,0.0,0,0,0,0,-1.68,0,-1.68,0.0,0,0,0,0,0,0,0,0,0,0,0,0,0,0,0,/,576892894097413095,,30.94,0.0,0,0,0.0,0,0,0,0.0,-2.94,0.0,0.0,0,0.0,0,0.0,/,0,91,0,/,/,/,/
2025/03/07,7478734073729697582,3460415698879221873,Paid,USD,Order,576893258073542839,1729420443135217777,1,Cherri Mid-Rise Thong | Wide Gusset Lip-Slip Free Underwear | Stretchy Breathable Organic Cotton Panties Womenswear,"S/M, Blueberry",2025/02/20,2025/02/22,2025/02/27,26.32,28.0,28.0,0.0,0.0,0.0,0.0,0,0,0,0,0.0,0,0,0,0.0,0,0,0,0.0,0,0,0,0,-1.68,0,-1.68,0.0,0,0,0,0,0,0,0,0,0,0,0,0,0,0,0,/,576893258073542839,,29.96,0.0,0,0,0.0,0,0,0,0.0,-1.96,0.0,0.0,0,0.0,0,0.0,Co-funded,0,91,0,/,/,/,/
2025/03/07,7478734073729697582,3460415698879221873,Paid,USD,Order,576893258073542839,1729385494227226737,1,Cherri Mid-Rise Thong | Wide Gusset Lip-Slip Free Underwear | Stretchy Breathable Organic Cotton Panties Womenswear,"S/M, Black Licorice",2025/02/20,2025/02/22,2025/02/27,26.32,28.0,28.0,0.0,0.0,0.0,0.0,0,0,0,0,0.0,0,0,0,0.0,0,0,0,0.0,0,0,0,0,-1.68,0,-1.68,0.0,0,0,0,0,0,0,0,0,0,0,0,0,0,0,0,/,576893258073542839,,29.96,0.0,0,0,0.0,0,0,0,0.0,-1.96,0.0,0.0,0,0.0,0,0.0,Co-funded,0,91,0,/,/,/,/
2025/03/07,7478734073729697582,3460415698879221873,Paid,USD,Order,576893258073542839,1729429021579251825,1,Cherri String Thong | Wide Gusset Lip-Slip Free Underwear | Stretchy Breathable Organic Cotton Panties Womenswear Comfort Lady,"S/M, Polka Dot",2025/02/20,2025/02/22,2025/02/27,26.32,28.0,28.0,0.0,0.0,0.0,0.0,0,0,0,0,0.0,0,0,0,0.0,0,0,0,0.0,0,0,0,0,-1.68,0,-1.68,0.0,0,0,0,0,0,0,0,0,0,0,0,0,0,0,0,/,576893258073542839,,29.96,0.0,0,0,0.0,0,0,0,0.0,-1.96,0.0,0.0,0,0.0,0,0.0,Co-funded,0,91,0,/,/,/,/
2025/03/07,7478734073729697582,3460415698879221873,Paid,USD,Order,576893258073542839,1729420443135283313,1,Cherri Mid-Rise Thong | Wide Gusset Lip-Slip Free Underwear | Stretchy Breathable Organic Cotton Panties Womenswear,"S/M, Polka Dot",2025/02/20,2025/02/22,2025/02/27,26.32,28.0,28.0,0.0,0.0,0.0,0.0,0,0,0,0,0.0,0,0,0,0.0,0,0,0,0.0,0,0,0,0,-1.68,0,-1.68,0.0,0,0,0,0,0,0,0,0,0,0,0,0,0,0,0,/,576893258073542839,,29.96,0.0,0,0,0.0,0,0,0,0.0,-1.96,0.0,0.0,0,0.0,0,0.0,Co-funded,0,91,0,/,/,/,/
2025/03/05,7477993656377444142,3460398006802485361,Paid,USD,Order,576890426886230709,1729420443135479921,1,Cherri Mid-Rise Thong | Wide Gusset Lip-Slip Free Underwear | Stretchy Breathable Organic Cotton Panties Womenswear,"M/L, Blueberry",2025/02/18,2025/02/22,2025/02/25,26.32,28.0,28.0,0.0,0.0,0.0,0.0,0,0,0,0,0.0,0,0,0,0.0,0,0,0,0.0,0,0,0,0,-1.68,0,-1.68,0.0,0,0,0,0,0,0,0,0,0,0,0,0,0,0,0,/,576890426886230709,,30.31,0.0,0,0,0.0,0,0,0,0.0,-2.31,0.0,0.0,0,0.0,0,0.0,/,0,91,0,/,/,/,/
2025/03/03,7477250604490884910,3460380836774449265,Paid,USD,Order,576893352054526121,1729385494227423345,1,Cherri Mid-Rise Thong | Wide Gusset Lip-Slip Free Underwear | Stretchy Breathable Organic Cotton Panties Womenswear,"L/XL, Black Licorice",2025/02/20,2025/02/21,2025/02/23,26.32,28.0,28.0,0.0,0.0,0.0,0.0,0,0,0,0,0.0,0,0,0,0.0,0,0,0,0.0,0,0,0,0,-1.68,0,-1.68,0.0,0,0,0,0,0,0,0,0,0,0,0,0,0,0,0,/,576893352054526121,,28.0,0.0,0,0,0.0,0,0,0,0.0,0.0,0.0,0.0,0,0.0,0,0.0,/,0,91,0,/,/,/,/
2025/03/03,7477250604490884910,3460380836774449265,Paid,USD,Order,576893007628440113,1729429021578465393,2,Cherri String Thong | Wide Gusset Lip-Slip Free Underwear | Stretchy Breathable Organic Cotton Panties Womenswear Comfort Lady,"XS/S, Black Licorice",2025/02/20,2025/02/22,2025/02/23,52.64,56.0,56.0,0.0,0.0,0.0,0.0,0,0,0,0,0.0,0,0,0,0.0,0,0,0,0.0,0,0,0,0,-3.36,0,-3.36,0.0,0,0,0,0,0,0,0,0,0,0,0,0,0,0,0,/,576893007628440113,,59.64,0.0,0,0,0.0,0,0,0,0.0,-3.64,0.0,0.0,0,0.0,0,0.0,Co-funded,0,182,0,/,/,/,/
2025/03/02,7476952249605424942,3460380836774449265,Paid,USD,Order,576902910516433046,1729420444278231153,1,Cherri Bandeau Bikini Top | Detachable Straps,"L/XL, Rainbow Sorbet Multi",2025/02/28,/,/,-0.22,0.0,18.0,-18.0,0.0,0.0,0.0,0,0,0,0,0.0,0,0,0,0.0,0,0,0,0.0,0,0,0,0,-0.22,0,0.0,-0.22,0,0,0,0,0,0,0,0,0,0,0,0,0,0,0,/,576902910516433046,,19.26,-19.26,0,0,0.0,0,0,0,0.0,-1.26,1.26,0.0,0,0.0,0,0.0,Co-funded,0,91,0,/,/,/,/
2025/03/02,7476952249605424942,3460380836774449265,Paid,USD,Order,576902910516433046,1729428928777588849,1,Cherri String Bikini Bottom | Wide Gusset Lip-Slip Free Swimwear | Cheeky Brazilian Style,"L/XL, Rainbow Sorbet Multi",2025/02/28,/,/,-0.24,0.0,20.0,-20.0,0.0,0.0,0.0,0,0,0,0,0.0,0,0,0,0.0,0,0,0,0.0,0,0,0,0,-0.24,0,0.0,-0.24,0,0,0,0,0,0,0,0,0,0,0,0,0,0,0,/,576902910516433046,,21.4,-21.4,0,0,0.0,0,0,0,0.0,-1.4,1.4,0.0,0,0.0,0,0.0,Co-funded,0,250,0,/,/,/,/
2025/03/02,7476952249605424942,3460380836774449265,Paid,USD,Order,576891121311715654,1729429021579579505,1,Cherri String Thong | Wide Gusset Lip-Slip Free Underwear | Stretchy Breathable Organic Cotton Panties Womenswear Comfort Lady,"M/L, Red Candy Apple",2025/02/18,/,/,-0.34,0.0,28.0,-28.0,0.0,0.0,0.0,0,0,0,0,0.0,0,0,0,0.0,0,0,0,0.0,0,0,0,0,-0.34,0,0.0,-0.34,0,0,0,0,0,0,0,0,0,0,0,0,0,0,0,/,576891121311715654,,28.0,-28.0,0,0,0.0,0,0,0,0.0,0.0,0.0,0.0,0,0.0,0,0.0,/,0,91,0,/,/,/,/
2025/02/28,7476028715756029739,3460358019625554033,Paid,USD,Order,576889672349028668,1729429021578465393,2,Cherri String Thong | Wide Gusset Lip-Slip Free Underwear | Stretchy Breathable Organic Cotton Panties Womenswear Comfort Lady,"XS/S, Black Licorice",2025/02/17,2025/02/18,2025/02/20,52.64,56.0,56.0,0.0,0.0,0.0,0.0,0,0,0,0,0.0,0,0,0,0.0,0,0,0,0.0,0,0,0,0,-3.36,0,-3.36,0.0,0,0,0,0,0,0,0,0,0,0,0,0,0,0,0,/,576889672349028668,,56.0,0.0,0,0,0.0,0,0,0,0.0,0.0,0.0,0.0,0,0.0,0,0.0,/,0,182,0,/,/,/,/
2025/02/28,7476028715756029739,3460358019625554033,Paid,USD,Order,576888232985662436,1729429021580103793,1,Cherri String Thong | Wide Gusset Lip-Slip Free Underwear | Stretchy Breathable Organic Cotton Panties Womenswear Comfort Lady,"L/XL, Red Candy Apple",2025/02/16,2025/02/17,2025/02/20,26.32,28.0,28.0,0.0,0.0,0.0,0.0,0,0,0,0,0.0,0,0,0,0.0,0,0,0,0.0,0,0,0,0,-1.68,0,-1.68,0.0,0,0,0,0,0,0,0,0,0,0,0,0,0,0,0,/,576888232985662436,,28.0,0.0,0,0,0.0,0,0,0,0.0,0.0,0.0,0.0,0,0.0,0,0.0,/,0,91,0,/,/,/,/
2025/02/28,7476028715756029739,3460358019625554033,Paid,USD,Order,576887534115459445,1729429017633984625,1,Cherri String Thong | Wide Gusset Lip-Slip Free Underwear | Stretchy Breathable Organic Cotton Panties Womenswear Comfort Lady,"1X/2X, Black Licorice",2025/02/15,/,/,-0.34,0.0,28.0,-28.0,0.0,0.0,0.0,0,0,0,0,0.0,0,0,0,0.0,0,0,0,0.0,0,0,0,0,-0.34,0,0.0,-0.34,0,0,0,0,0,0,0,0,0,0,0,0,0,0,0,/,576887534115459445,,30.03,-30.03,0,0,0.0,0,0,0,0.0,-2.03,2.03,0.0,0,0.0,0,0.0,/,0,91,0,/,/,/,/
2025/02/28,7476028715756029739,3460358019625554033,Paid,USD,Order,576885996868244113,1729429021580038257,1,Cherri String Thong | Wide Gusset Lip-Slip Free Underwear | Stretchy Breathable Organic Cotton Panties Womenswear Comfort Lady,"L/XL, Black Licorice",2025/02/14,2025/02/17,2025/02/20,26.32,28.0,28.0,0.0,0.0,0.0,0.0,0,0,0,0,0.0,0,0,0,0.0,0,0,0,0.0,0,0,0,0,-1.68,0,-1.68,0.0,0,0,0,0,0,0,0,0,0,0,0,0,0,0,0,/,576885996868244113,,28.0,0.0,0,0,0.0,0,0,0,0.0,0.0,0.0,0.0,0,0.0,0,0.0,/,0,91,0,/,/,/,/
2025/02/27,7475514589229877038,3460349249057886321,Paid,USD,Order,576888679182536803,1729422244311306353,1,Cherri High Cut Thong | Wide Gusset Lip Slip Free Underwear | Stretchy Breathable Organic Cotton Panties Womenswear,"L/XL, Black Licorice",2025/02/16,2025/02/17,2025/02/19,26.42,28.0,28.0,0.0,0.0,0.0,0.0,0,0,0,0,0.0,0,0,0,0.0,0,0,0,0.0,0,0,0,0,-1.58,0,-1.58,0.0,0,0,0,0,0,0,0,0,0,0,0,0,0,0,0,/,576888679182536803,,17.43,0.0,0,0,12.88,0,0,0,0.0,-2.31,0.0,0.0,0,0.0,0,0.0,/,0,250,0,/,/,/,/
2025/02/27,7475514589229877038,3460349249057886321,Paid,USD,Order,576888314322915644,1729429021578924145,2,Cherri String Thong | Wide Gusset Lip-Slip Free Underwear | Stretchy Breathable Organic Cotton Panties Womenswear Comfort Lady,"XS/S, Pink Guava",2025/02/16,2025/02/17,2025/02/19,52.64,56.0,56.0,0.0,0.0,0.0,0.0,0,0,0,0,0.0,0,0,0,0.0,0,0,0,0.0,0,0,0,0,-3.36,0,-3.36,0.0,0,0,0,0,0,0,0,0,0,0,0,0,0,0,0,/,576888314322915644,,56.0,0.0,0,0,0.0,0,0,0,0.0,0.0,0.0,0.0,0,0.0,0,0.0,/,0,182,0,/,/,/,/
2025/02/27,7475514589229877038,3460349249057886321,Paid,USD,Order,576885787712197448,1729429021579579505,1,Cherri String Thong | Wide Gusset Lip-Slip Free Underwear | Stretchy Breathable Organic Cotton Panties Womenswear Comfort Lady,"M/L, Red Candy Apple",2025/02/13,/,/,-0.34,0.0,28.0,-28.0,0.0,0.0,0.0,0,0,0,0,0.0,0,0,0,0.0,0,0,0,0.0,0,0,0,0,-0.34,0,0.0,-0.34,0,0,0,0,0,0,0,0,0,0,0,0,0,0,0,/,576885787712197448,,29.89,-29.89,0,0,0.0,0,0,0,0.0,-1.89,1.89,0.0,0,0.0,0,0.0,/,0,91,0,/,/,/,/
2025/02/26,7475160938380150574,3460340869136552049,Paid,USD,Order,576884974829343352,1729420445832089713,1,Ruffle Cheeky Thong | Wide Gusset Lip Slip Free Underwear | Stretchy Breathable Organic Cotton Panties Womenswear,"L/XL, Black Licorice",2025/02/13,2025/02/14,2025/02/18,26.32,28.0,28.0,0.0,0.0,0.0,0.0,0,0,0,0,0.0,0,0,0,0.0,0,0,0,0.0,0,0,0,0,-1.68,0,-1.68,0.0,0,0,0,0,0,0,0,0,0,0,0,0,0,0,0,/,576884974829343352,,30.32,0.0,0,0,0.0,0,0,0,0.0,-2.32,0.0,0.0,0,0.0,0,0.0,/,0,57,0,/,/,/,/
2025/02/26,7475160938380150574,3460340869136552049,Paid,USD,Order,576883968959878137,1729429021579579505,1,Cherri String Thong | Wide Gusset Lip-Slip Free Underwear | Stretchy Breathable Organic Cotton Panties Womenswear Comfort Lady,"M/L, Red Candy Apple",2025/02/12,2025/02/12,2025/02/18,26.32,28.0,28.0,0.0,0.0,0.0,0.0,0,0,0,0,0.0,0,0,0,0.0,0,0,0,0.0,0,0,0,0,-1.68,0,-1.68,0.0,0,0,0,0,0,0,0,0,0,0,0,0,0,0,0,/,576883968959878137,,29.68,0.0,0,0,0.0,0,0,0,0.0,-1.68,0.0,0.0,0,0.0,0,0.0,/,0,91,0,/,/,/,/
2025/02/24,7474665853540370219,3460323940000174193,Paid,USD,Order,576884679834374605,1729385494227423345,1,Cherri Mid-Rise Thong | Wide Gusset Lip-Slip Free Underwear | Stretchy Breathable Organic Cotton Panties Womenswear,"L/XL, Black Licorice",2025/02/12,2025/02/15,2025/02/16,26.32,28.0,28.0,0.0,0.0,0.0,0.0,0,0,0,0,0.0,0,0,0,0.0,0,0,0,0.0,0,0,0,0,-1.68,0,-1.68,0.0,0,0,0,0,0,0,0,0,0,0,0,0,0,0,0,/,576884679834374605,,16.31,0.0,0,0,14.0,0,0,0,0.0,-2.31,0.0,0.0,0,0.0,0,0.0,/,0,91,0,/,/,/,/
2025/02/22,7473671480883103534,3460310245907468401,Paid,USD,Order,576879924571508881,1729429021578465393,2,Cherri String Thong | Wide Gusset Lip-Slip Free Underwear | Stretchy Breathable Organic Cotton Panties Womenswear Comfort Lady,"XS/S, Black Licorice",2025/02/07,2025/02/10,2025/02/14,52.64,56.0,56.0,0.0,0.0,0.0,0.0,0,0,0,0,0.0,0,0,0,0.0,0,0,0,0.0,0,0,0,0,-3.36,0,-3.36,0.0,0,0,0,0,0,0,0,0,0,0,0,0,0,0,0,/,576879924571508881,,60.76,0.0,0,0,0.0,0,0,0,0.0,-4.76,0.0,0.0,0,0.0,0,0.0,Co-funded,0,182,0,/,/,/,/
2025/02/22,7473671480883103534,3460310245907468401,Paid,USD,Order,576878455393194781,1729429021579776113,1,Cherri String Thong | Wide Gusset Lip-Slip Free Underwear | Stretchy Breathable Organic Cotton Panties Womenswear Comfort Lady,"M/L, Polka Dot",2025/02/06,2025/02/07,2025/02/14,26.32,28.0,28.0,0.0,0.0,0.0,0.0,0,0,0,0,0.0,0,0,0,0.0,0,0,0,0.0,0,0,0,0,-1.68,0,-1.68,0.0,0,0,0,0,0,0,0,0,0,0,0,0,0,0,0,/,576878455393194781,,26.61,0.0,0,0,2.8,0,0,0,0.0,-1.12,0.0,-0.29,0,0.0,0,0.0,/,0,91,0,/,/,/,/
2025/02/21,7473555179397203755,3460303483967934577,Paid,USD,Order,576882289926575047,1729429017633853553,1,Cherri String Thong | Wide Gusset Lip-Slip Free Underwear | Stretchy Breathable Organic Cotton Panties Womenswear Comfort Lady,"L/XL, Blueberry",2025/02/10,2025/02/10,2025/02/13,26.32,28.0,28.0,0.0,0.0,0.0,0.0,0,0,0,0,0.0,0,0,0,0.0,0,0,0,0.0,0,0,0,0,-1.68,0,-1.68,0.0,0,0,0,0,0,0,0,0,0,0,0,0,0,0,0,/,576882289926575047,,28.0,0.0,0,0,0.0,0,0,0,0.0,0.0,0.0,0.0,0,0.0,0,0.0,/,0,91,0,/,/,/,/
2025/02/21,7473555179397203755,3460303483967934577,Paid,USD,Order,576880615723275088,1729429021578924145,2,Cherri String Thong | Wide Gusset Lip-Slip Free Underwear | Stretchy Breathable Organic Cotton Panties Womenswear Comfort Lady,"XS/S, Pink Guava",2025/02/08,2025/02/10,2025/02/13,52.64,56.0,56.0,0.0,0.0,0.0,0.0,0,0,0,0,0.0,0,0,0,0.0,0,0,0,0.0,0,0,0,0,-3.36,0,-3.36,0.0,0,0,0,0,0,0,0,0,0,0,0,0,0,0,0,/,576880615723275088,,61.74,0.0,0,0,0.0,0,0,0,0.0,-5.74,0.0,0.0,0,0.0,0,0.0,Co-funded,0,182,0,/,/,/,/
2025/02/20,7473198484989183790,3460294131711971441,Paid,USD,Order,576881388472078990,1729429021578727537,1,Cherri String Thong | Wide Gusset Lip-Slip Free Underwear | Stretchy Breathable Organic Cotton Panties Womenswear Comfort Lady,"XS/S, Polka Dot",2025/02/09,2025/02/10,2025/02/12,26.32,28.0,28.0,0.0,0.0,0.0,0.0,0,0,0,0,0.0,0,0,0,0.0,0,0,0,0.0,0,0,0,0,-1.68,0,-1.68,0.0,0,0,0,0,0,0,0,0,0,0,0,0,0,0,0,/,576881388472078990,,28.0,0.0,0,0,0.0,0,0,0,0.0,0.0,0.0,0.0,0,0.0,0,0.0,/,0,91,0,/,/,/,/
2025/02/20,7473198484989183790,3460294131711971441,Paid,USD,Order,576877741922947278,1729429021578465393,1,Cherri String Thong | Wide Gusset Lip-Slip Free Underwear | Stretchy Breathable Organic Cotton Panties Womenswear Comfort Lady,"XS/S, Black Licorice",2025/02/05,2025/02/07,2025/02/12,22.37,23.8,28.0,0.0,-4.2,0.0,0.0,0,0,0,0,0.0,0,0,0,0.0,0,0,0,0.0,0,0,0,0,-1.43,0,-1.43,0.0,0,0,0,0,0,0,0,0,0,0,0,0,0,0,0,/,576877741922947278,,26.07,0.0,0,0,0.0,0,0,0,0.0,-2.27,0.0,0.0,0,0.0,0,0.0,/,0,91,0,/,/,/,/
2025/02/20,7473198484989183790,3460294131711971441,Paid,USD,Order,576877575144509490,1729385494227095665,1,Cherri Mid-Rise Thong | Wide Gusset Lip-Slip Free Underwear | Stretchy Breathable Organic Cotton Panties Womenswear,"1X/2X, Black Licorice",2025/02/05,2025/02/07,2025/02/12,22.37,23.8,28.0,0.0,-4.2,0.0,0.0,0,0,0,0,0.0,0,0,0,0.0,0,0,0,0.0,0,0,0,0,-1.43,0,-1.43,0.0,0,0,0,0,0,0,0,0,0,0,0,0,0,0,0,/,576877575144509490,,25.87,0.0,0,0,0.0,0,0,0,0.0,-2.07,0.0,0.0,0,0.0,0,0.0,Co-funded,0,91,0,/,/,/,/
2025/02/20,7473198484989183790,3460294131711971441,Paid,USD,Order,576877575144509490,1729420443136004209,1,Cherri Mid-Rise Thong | Wide Gusset Lip-Slip Free Underwear | Stretchy Breathable Organic Cotton Panties Womenswear,"1X/2X, Blueberry",2025/02/05,2025/02/07,2025/02/12,22.37,23.8,28.0,0.0,-4.2,0.0,0.0,0,0,0,0,0.0,0,0,0,0.0,0,0,0,0.0,0,0,0,0,-1.43,0,-1.43,0.0,0,0,0,0,0,0,0,0,0,0,0,0,0,0,0,/,576877575144509490,,25.87,0.0,0,0,0.0,0,0,0,0.0,-2.07,0.0,0.0,0,0.0,0,0.0,Co-funded,0,91,0,/,/,/,/
2025/02/20,7473198484989183790,3460294131711971441,Paid,USD,Order,576877575144509490,1729420443135938673,1,Cherri Mid-Rise Thong | Wide Gusset Lip-Slip Free Underwear | Stretchy Breathable Organic Cotton Panties Womenswear,"1X/2X, Pink Guava",2025/02/05,2025/02/07,2025/02/12,22.38,23.8,28.0,0.0,-4.2,0.0,0.0,0,0,0,0,0.0,0,0,0,0.0,0,0,0,0.0,0,0,0,0,-1.42,0,-1.42,0.0,0,0,0,0,0,0,0,0,0,0,0,0,0,0,0,/,576877575144509490,,25.87,0.0,0,0,0.0,0,0,0,0.0,-2.07,0.0,0.0,0,0.0,0,0.0,Co-funded,0,91,0,/,/,/,/
2025/02/19,7472548181406959402,3460288049183232113,Paid,USD,Order,576878483989041377,1729421706414100593,1,Cherri Bikini Brief Panty | Wide Gusset Lip-Slip Free Underwear | Stretchy Breathable Organic Cotton Panties Womenswear,"XS/S, Black Licorice",2025/02/06,2025/02/07,2025/02/11,26.32,28.0,28.0,0.0,0.0,0.0,0.0,0,0,0,0,0.0,0,0,0,0.0,0,0,0,0.0,0,0,0,0,-1.68,0,-1.68,0.0,0,0,0,0,0,0,0,0,0,0,0,0,0,0,0,/,576878483989041377,,29.96,0.0,0,0,0.0,0,0,0,0.0,-1.96,0.0,0.0,0,0.0,0,0.0,/,0,400,0,/,/,/,/
2025/02/19,7472548181406959402,3460288049183232113,Paid,USD,Order,576876773914940132,1729429021578465393,1,Cherri String Thong | Wide Gusset Lip-Slip Free Underwear | Stretchy Breathable Organic Cotton Panties Womenswear Comfort Lady,"XS/S, Black Licorice",2025/02/04,2025/02/05,2025/02/11,22.37,23.8,28.0,0.0,-4.2,0.0,0.0,0,0,0,0,0.0,0,0,0,0.0,0,0,0,0.0,0,0,0,0,-1.43,0,-1.43,0.0,0,0,0,0,0,0,0,0,0,0,0,0,0,0,0,/,576876773914940132,,26.25,0.0,0,0,0.0,0,0,0,0.0,-2.45,0.0,0.0,0,0.0,0,0.0,/,0,91,0,/,/,/,/
2025/02/19,7472548181406959402,3460288049183232113,Paid,USD,Order,576854403378679989,1729429021578530929,1,Cherri String Thong | Wide Gusset Lip-Slip Free Underwear | Stretchy Breathable Organic Cotton Panties Womenswear Comfort Lady,"XS/S, Red Candy Apple",2025/01/15,2025/01/15,2025/01/18,22.37,23.8,28.0,0.0,-4.2,0.0,0.0,0,0,0,0,0.0,0,0,0,0.0,0,0,0,0.0,0,0,0,0,-1.43,0,-1.43,0.0,0,0,0,0,0,0,0,0,0,0,0,0,0,0,0,/,576854403378679989,,23.21,0.0,0,0,2.38,0,0,0,0.0,-1.79,0.0,0.0,0,0.0,0,0.0,/,0,91,0,/,/,/,/
2025/02/18,7472182047738578731,3460279458005422193,Paid,USD,Order,576879199130784641,1729429021579251825,1,Cherri String Thong | Wide Gusset Lip-Slip Free Underwear | Stretchy Breathable Organic Cotton Panties Womenswear Comfort Lady,"S/M, Polka Dot",2025/02/07,2025/02/07,2025/02/10,26.32,28.0,28.0,0.0,0.0,0.0,0.0,0,0,0,0,0.0,0,0,0,0.0,0,0,0,0.0,0,0,0,0,-1.68,0,-1.68,0.0,0,0,0,0,0,0,0,0,0,0,0,0,0,0,0,/,576879199130784641,,28.0,0.0,0,0,0.0,0,0,0,0.0,0.0,0.0,0.0,0,0.0,0,0.0,/,0,91,0,/,/,/,/
2025/02/18,7472182047738578731,3460279458005422193,Paid,USD,Order,576878451948622785,1729420443135742065,1,Cherri Mid-Rise Thong | Wide Gusset Lip-Slip Free Underwear | Stretchy Breathable Organic Cotton Panties Womenswear,"L/XL, Blueberry",2025/02/06,2025/02/07,2025/02/10,26.32,28.0,28.0,0.0,0.0,0.0,0.0,0,0,0,0,0.0,0,0,0,0.0,0,0,0,0.0,0,0,0,0,-1.68,0,-1.68,0.0,0,0,0,0,0,0,0,0,0,0,0,0,0,0,0,/,576878451948622785,,20.5,0.0,0,0,7.5,0,0,0,0.0,0.0,0.0,0.0,0,0.0,0,0.0,/,0,91,0,/,/,/,/
2025/02/18,7472182047738578731,3460279458005422193,Paid,USD,Order,576878451948622785,1729420441753587825,1,Cherri High Cut Brief | Wide Gusset Lip Slip Free Underwear | Stretchy Breathable Organic Cotton | Thick Soft Waistband Panties Womenswear,"L/XL, Logo Red Candy Apple",2025/02/06,2025/02/07,2025/02/10,26.32,28.0,28.0,0.0,0.0,0.0,0.0,0,0,0,0,0.0,0,0,0,0.0,0,0,0,0.0,0,0,0,0,-1.68,0,-1.68,0.0,0,0,0,0,0,0,0,0,0,0,0,0,0,0,0,/,576878451948622785,,20.5,0.0,0,0,7.5,0,0,0,0.0,0.0,0.0,0.0,0,0.0,0,0.0,/,0,57,0,/,/,/,/
2025/02/18,7472182047738578731,3460279458005422193,Paid,USD,Order,576854084100526112,1729429021579579505,1,Cherri String Thong | Wide Gusset Lip-Slip Free Underwear | Stretchy Breathable Organic Cotton Panties Womenswear Comfort Lady,"M/L, Red Candy Apple",2025/01/14,2025/01/15,2025/01/18,22.37,23.8,28.0,0.0,-4.2,0.0,0.0,0,0,0,0,0.0,0,0,0,0.0,0,0,0,0.0,0,0,0,0,-1.43,0,-1.43,0.0,0,0,0,0,0,0,0,0,0,0,0,0,0,0,0,/,576854084100526112,,26.12,0.0,0,0,0.0,0,0,0,0.0,-2.32,0.0,0.0,0,0.0,0,0.0,/,0,91,0,/,/,/,/
2025/02/18,7472182047738578731,3460279458005422193,Paid,USD,Order,576854038417281175,1729429021579513969,1,Cherri String Thong | Wide Gusset Lip-Slip Free Underwear | Stretchy Breathable Organic Cotton Panties Womenswear Comfort Lady,"M/L, Black Licorice",2025/01/14,2025/01/15,2025/01/18,22.37,23.8,28.0,0.0,-4.2,0.0,0.0,0,0,0,0,0.0,0,0,0,0.0,0,0,0,0.0,0,0,0,0,-1.43,0,-1.43,0.0,0,0,0,0,0,0,0,0,0,0,0,0,0,0,0,/,576854038417281175,,16.66,0.0,0,0,7.14,0,0,0,0.0,0.0,0.0,0.0,0,0.0,0,0.0,/,0,91,0,/,/,/,/
2025/02/18,7472182047738578731,3460279458005422193,Paid,USD,Order,576853969159623289,1729429023532748913,1,Cherri String Thong | Wide Gusset Lip-Slip Free Underwear | Stretchy Breathable Organic Cotton Panties Womenswear Comfort Lady,"2X/3X, Black Licorice",2025/01/14,2025/01/15,2025/01/18,22.37,23.8,28.0,0.0,-4.2,0.0,0.0,0,0,0,0,0.0,0,0,0,0.0,0,0,0,0.0,0,0,0,0,-1.43,0,-1.43,0.0,0,0,0,0,0,0,0,0,0,0,0,0,0,0,0,/,576853969159623289,,23.8,0.0,0,0,0.0,0,0,0,0.0,0.0,0.0,0.0,0,0.0,0,0.0,/,0,91,0,/,/,/,/
2025/02/18,7472182047738578731,3460279458005422193,Paid,USD,Order,576853349341434218,1729429021579055217,1,Cherri String Thong | Wide Gusset Lip-Slip Free Underwear | Stretchy Breathable Organic Cotton Panties Womenswear Comfort Lady,"S/M, Red Candy Apple",2025/01/14,2025/01/15,2025/01/18,22.37,23.8,28.0,0.0,-4.2,0.0,0.0,0,0,0,0,0.0,0,0,0,0.0,0,0,0,0.0,0,0,0,0,-1.43,0,-1.43,0.0,0,0,0,0,0,0,0,0,0,0,0,0,0,0,0,/,576853349341434218,,25.35,0.0,0,0,0.0,0,0,0,0.0,-1.55,0.0,0.0,0,0.0,0,0.0,/,0,91,0,/,/,/,/
2025/02/18,7472182047738578731,3460279458005422193,Paid,USD,Order,576853189285155255,1729429021580038257,1,Cherri String Thong | Wide Gusset Lip-Slip Free Underwear | Stretchy Breathable Organic Cotton Panties Womenswear Comfort Lady,"L/XL, Black Licorice",2025/01/14,2025/01/14,2025/01/18,22.37,23.8,28.0,0.0,-4.2,0.0,0.0,0,0,0,0,0.0,0,0,0,0.0,0,0,0,0.0,0,0,0,0,-1.43,0,-1.43,0.0,0,0,0,0,0,0,0,0,0,0,0,0,0,0,0,/,576853189285155255,,23.8,0.0,0,0,0.0,0,0,0,0.0,0.0,0.0,0.0,0,0.0,0,0.0,/,0,91,0,/,/,/,/
2025/02/18,7472182047738578731,3460279458005422193,Paid,USD,Order,576853157128147623,1729421728589254769,1,Cherri String Bikini Top | Adjustable Straps | No Padding,"S/M, Bubblegum Pink",2025/01/14,2025/01/14,2025/01/17,14.38,15.3,18.0,0.0,-2.7,0.0,0.0,0,0,0,0,0.0,0,0,0,0.0,0,0,0,0.0,0,0,0,0,-0.92,0,-0.92,0.0,0,0,0,0,0,0,0,0,0,0,0,0,0,0,0,/,576853157128147623,,16.75,0.0,0,0,0.0,0,0,0,0.0,-1.45,0.0,0.0,0,0.0,0,0.0,Co-funded,0,250,0,/,/,/,/
2025/02/18,7472182047738578731,3460279458005422193,Paid,USD,Order,576853157128147623,1729385494484062321,1,Cherri String Bikini Bottom | Wide Gusset Lip-Slip Free Swimwear | Cheeky Brazilian Style,"S/M, Bubblegum Pink",2025/01/14,2025/01/14,2025/01/17,15.98,17.0,20.0,0.0,-3.0,0.0,0.0,0,0,0,0,0.0,0,0,0,0.0,0,0,0,0.0,0,0,0,0,-1.02,0,-1.02,0.0,0,0,0,0,0,0,0,0,0,0,0,0,0,0,0,/,576853157128147623,,18.61,0.0,0,0,0.0,0,0,0,0.0,-1.61,0.0,0.0,0,0.0,0,0.0,Co-funded,0,250,0,/,/,/,/
2025/02/18,7472182047738578731,3460279458005422193,Paid,USD,Order,576853133292966467,1729429021580038257,1,Cherri String Thong | Wide Gusset Lip-Slip Free Underwear | Stretchy Breathable Organic Cotton Panties Womenswear Comfort Lady,"L/XL, Black Licorice",2025/01/14,2025/01/14,2025/01/18,22.37,23.8,28.0,0.0,-4.2,0.0,0.0,0,0,0,0,0.0,0,0,0,0.0,0,0,0,0.0,0,0,0,0,-1.43,0,-1.43,0.0,0,0,0,0,0,0,0,0,0,0,0,0,0,0,0,/,576853133292966467,,25.86,0.0,0,0,0.0,0,0,0,0.0,-2.06,0.0,0.0,0,0.0,0,0.0,/,0,91,0,/,/,/,/
2025/02/18,7472182047738578731,3460279458005422193,Paid,USD,Order,576850354103357475,1729420441752932465,1,Cherri High Cut Brief | Wide Gusset Lip Slip Free Underwear | Stretchy Breathable Organic Cotton | Thick Soft Waistband Panties Womenswear,"XS/S, Cherry",2025/01/11,2025/01/14,2025/01/18,22.37,23.8,28.0,0.0,-4.2,0.0,0.0,0,0,0,0,0.0,0,0,0,0.0,0,0,0,0.0,0,0,0,0,-1.43,0,-1.43,0.0,0,0,0,0,0,0,0,0,0,0,0,0,0,0,0,/,576850354103357475,,24.99,0.0,0,0,0.0,0,0,0,0.0,-1.19,0.0,0.0,0,0.0,0,0.0,/,0,57,0,/,/,/,/
2025/02/17,7472079932399732522,3460272745518895217,Paid,USD,Order,576877242369676026,1729429017634246769,1,Cherri String Thong | Wide Gusset Lip-Slip Free Underwear | Stretchy Breathable Organic Cotton Panties Womenswear Comfort Lady,"1X/2X, Polka Dot",2025/02/05,2025/02/05,2025/02/09,22.37,23.8,28.0,0.0,-4.2,0.0,0.0,0,0,0,0,0.0,0,0,0,0.0,0,0,0,0.0,0,0,0,0,-1.43,0,-1.43,0.0,0,0,0,0,0,0,0,0,0,0,0,0,0,0,0,/,576877242369676026,,25.85,0.0,0,0,0.0,0,0,0,0.0,-2.05,0.0,0.0,0,0.0,0,0.0,/,0,91,0,/,/,/,/
2025/02/17,7472079932399732522,3460272745518895217,Paid,USD,Order,576853215427138421,1729429021579776113,1,Cherri String Thong | Wide Gusset Lip-Slip Free Underwear | Stretchy Breathable Organic Cotton Panties Womenswear Comfort Lady,"M/L, Polka Dot",2025/01/14,2025/01/14,2025/01/17,22.37,23.8,28.0,0.0,-4.2,0.0,0.0,0,0,0,0,0.0,0,0,0,0.0,0,0,0,0.0,0,0,0,0,-1.43,0,-1.43,0.0,0,0,0,0,0,0,0,0,0,0,0,0,0,0,0,/,576853215427138421,,26.04,0.0,0,0,0.0,0,0,0,0.0,-2.24,0.0,0.0,0,0.0,0,0.0,/,0,91,0,/,/,/,/
2025/02/16,7471437997062440750,3460268090444779633,Paid,USD,Order,576873041025209108,1729429021580300401,1,Cherri String Thong | Wide Gusset Lip-Slip Free Underwear | Stretchy Breathable Organic Cotton Panties Womenswear Comfort Lady,"L/XL, Polka Dot",2025/01/31,2025/02/04,2025/02/07,22.37,23.8,28.0,0.0,-4.2,0.0,0.0,0,0,0,0,0.0,0,0,0,0.0,0,0,0,0.0,0,0,0,0,-1.43,0,-1.43,0.0,0,0,0,0,0,0,0,0,0,0,0,0,0,0,0,/,576873041025209108,,25.86,0.0,0,0,0.0,0,0,0,0.0,-2.06,0.0,0.0,0,0.0,0,0.0,Co-funded,0,91,0,/,/,/,/
2025/02/16,7471437997062440750,3460268090444779633,Paid,USD,Order,576873041025209108,1729429021580038257,1,Cherri String Thong | Wide Gusset Lip-Slip Free Underwear | Stretchy Breathable Organic Cotton Panties Womenswear Comfort Lady,"L/XL, Black Licorice",2025/01/31,2025/02/04,2025/02/07,22.37,23.8,28.0,0.0,-4.2,0.0,0.0,0,0,0,0,0.0,0,0,0,0.0,0,0,0,0.0,0,0,0,0,-1.43,0,-1.43,0.0,0,0,0,0,0,0,0,0,0,0,0,0,0,0,0,/,576873041025209108,,25.86,0.0,0,0,0.0,0,0,0,0.0,-2.06,0.0,0.0,0,0.0,0,0.0,Co-funded,0,91,0,/,/,/,/
2025/02/16,7471437997062440750,3460268090444779633,Paid,USD,Order,576871478165082144,1729429021580169329,1,Cherri String Thong | Wide Gusset Lip-Slip Free Underwear | Stretchy Breathable Organic Cotton Panties Womenswear Comfort Lady,"L/XL, Strawberry Pink",2025/01/30,2025/02/04,2025/02/08,22.37,23.8,28.0,0.0,-4.2,0.0,0.0,0,0,0,0,0.0,0,0,0,0.0,0,0,0,0.0,0,0,0,0,-1.43,0,-1.43,0.0,0,0,0,0,0,0,0,0,0,0,0,0,0,0,0,/,576871478165082144,,25.94,0.0,0,0,0.0,0,0,0,0.0,-2.14,0.0,0.0,0,0.0,0,0.0,Co-funded,0,91,0,/,/,/,/
2025/02/16,7471437997062440750,3460268090444779633,Paid,USD,Order,576871478165082144,1729429021580038257,1,Cherri String Thong | Wide Gusset Lip-Slip Free Underwear | Stretchy Breathable Organic Cotton Panties Womenswear Comfort Lady,"L/XL, Black Licorice",2025/01/30,2025/02/04,2025/02/08,22.37,23.8,28.0,0.0,-4.2,0.0,0.0,0,0,0,0,0.0,0,0,0,0.0,0,0,0,0.0,0,0,0,0,-1.43,0,-1.43,0.0,0,0,0,0,0,0,0,0,0,0,0,0,0,0,0,/,576871478165082144,,25.94,0.0,0,0,0.0,0,0,0,0.0,-2.14,0.0,0.0,0,0.0,0,0.0,Co-funded,0,91,0,/,/,/,/
2025/02/15,7471371240670889771,3460260546186350705,Paid,USD,Order,576874389151912624,1729385494227095665,1,Cherri Mid-Rise Thong | Wide Gusset Lip-Slip Free Underwear | Stretchy Breathable Organic Cotton Panties Womenswear,"1X/2X, Black Licorice",2025/02/02,2025/02/04,2025/02/07,22.37,23.8,28.0,0.0,-4.2,0.0,0.0,0,0,0,0,0.0,0,0,0,0.0,0,0,0,0.0,0,0,0,0,-1.43,0,-1.43,0.0,0,0,0,0,0,0,0,0,0,0,0,0,0,0,0,/,576874389151912624,,26.25,0.0,0,0,0.0,0,0,0,0.0,-2.45,0.0,0.0,0,0.0,0,0.0,/,0,91,0,/,/,/,/
2025/02/15,7471371240670889771,3460260546186350705,Paid,USD,Order,576871549381546270,1729429021579579505,1,Cherri String Thong | Wide Gusset Lip-Slip Free Underwear | Stretchy Breathable Organic Cotton Panties Womenswear Comfort Lady,"M/L, Red Candy Apple",2025/01/30,2025/02/04,2025/02/07,22.37,23.8,28.0,0.0,-4.2,0.0,0.0,0,0,0,0,0.0,0,0,0,0.0,0,0,0,0.0,0,0,0,0,-1.43,0,-1.43,0.0,0,0,0,0,0,0,0,0,0,0,0,0,0,0,0,/,576871549381546270,,26.19,0.0,0,0,0.0,0,0,0,0.0,-2.39,0.0,0.0,0,0.0,0,0.0,/,0,91,0,/,/,/,/
2025/02/14,7470708455578404651,3460253039237959793,Paid,USD,Order,576873061024633671,1729429021580038257,2,Cherri String Thong | Wide Gusset Lip-Slip Free Underwear | Stretchy Breathable Organic Cotton Panties Womenswear Comfort Lady,"L/XL, Black Licorice",2025/01/31,2025/02/04,2025/02/06,44.75,47.6,56.0,0.0,-8.4,0.0,0.0,0,0,0,0,0.0,0,0,0,0.0,0,0,0,0.0,0,0,0,0,-2.85,0,-2.85,0.0,0,0,0,0,0,0,0,0,0,0,0,0,0,0,0,/,576873061024633671,,51.53,0.0,0,0,0.0,0,0,0,0.0,-3.93,0.0,0.0,0,0.0,0,0.0,Co-funded,0,182,0,/,/,/,/
2025/02/14,7470708455578404651,3460253039237959793,Paid,USD,Order,576873061024633671,1729429017633853553,1,Cherri String Thong | Wide Gusset Lip-Slip Free Underwear | Stretchy Breathable Organic Cotton Panties Womenswear Comfort Lady,"L/XL, Blueberry",2025/01/31,2025/02/04,2025/02/06,22.37,23.8,28.0,0.0,-4.2,0.0,0.0,0,0,0,0,0.0,0,0,0,0.0,0,0,0,0.0,0,0,0,0,-1.43,0,-1.43,0.0,0,0,0,0,0,0,0,0,0,0,0,0,0,0,0,/,576873061024633671,,25.77,0.0,0,0,0.0,0,0,0,0.0,-1.97,0.0,0.0,0,0.0,0,0.0,Co-funded,0,91,0,/,/,/,/
2025/02/14,7470708455578404651,3460253039237959793,Paid,USD,Order,576871778332349062,1729429021579579505,1,Cherri String Thong | Wide Gusset Lip-Slip Free Underwear | Stretchy Breathable Organic Cotton Panties Womenswear Comfort Lady,"M/L, Red Candy Apple",2025/01/30,2025/02/01,2025/02/05,22.37,23.8,28.0,0.0,-4.2,0.0,0.0,0,0,0,0,0.0,0,0,0,0.0,0,0,0,0.0,0,0,0,0,-1.43,0,-1.43,0.0,0,0,0,0,0,0,0,0,0,0,0,0,0,0,0,/,576871778332349062,,25.65,0.0,0,0,0.0,0,0,0,0.0,-1.85,0.0,0.0,0,0.0,0,0.0,/,0,91,0,/,/,/,/
2025/02/14,7470708455578404651,3460253039237959793,Paid,USD,Order,576871778332349062,1729429021579251825,1,Cherri String Thong | Wide Gusset Lip-Slip Free Underwear | Stretchy Breathable Organic Cotton Panties Womenswear Comfort Lady,"S/M, Polka Dot",2025/01/30,2025/02/01,2025/02/05,22.37,23.8,28.0,0.0,-4.2,0.0,0.0,0,0,0,0,0.0,0,0,0,0.0,0,0,0,0.0,0,0,0,0,-1.43,0,-1.43,0.0,0,0,0,0,0,0,0,0,0,0,0,0,0,0,0,/,576871778332349062,,25.65,0.0,0,0,0.0,0,0,0,0.0,-1.85,0.0,0.0,0,0.0,0,0.0,/,0,91,0,/,/,/,/
2025/02/13,7470589067688970030,3460246471551717489,Paid,USD,Order,576874804896436896,1729429017633853553,1,Cherri String Thong | Wide Gusset Lip-Slip Free Underwear | Stretchy Breathable Organic Cotton Panties Womenswear Comfort Lady,"L/XL, Blueberry",2025/02/02,2025/02/04,2025/02/05,22.37,23.8,28.0,0.0,-4.2,0.0,0.0,0,0,0,0,0.0,0,0,0,0.0,0,0,0,0.0,0,0,0,0,-1.43,0,-1.43,0.0,0,0,0,0,0,0,0,0,0,0,0,0,0,0,0,/,576874804896436896,,25.47,0.0,0,0,0.0,0,0,0,0.0,-1.67,0.0,0.0,0,0.0,0,0.0,/,0,91,0,/,/,/,/
2025/02/13,7470589067688970030,3460246471551717489,Paid,USD,Order,576874486400847970,1729429021580169329,1,Cherri String Thong | Wide Gusset Lip-Slip Free Underwear | Stretchy Breathable Organic Cotton Panties Womenswear Comfort Lady,"L/XL, Strawberry Pink",2025/02/02,2025/02/04,2025/02/05,22.37,23.8,28.0,0.0,-4.2,0.0,0.0,0,0,0,0,0.0,0,0,0,0.0,0,0,0,0.0,0,0,0,0,-1.43,0,-1.43,0.0,0,0,0,0,0,0,0,0,0,0,0,0,0,0,0,/,576874486400847970,,23.8,0.0,0,0,0.0,0,0,0,0.0,0.0,0.0,0.0,0,0.0,0,0.0,Co-funded,0,91,0,/,/,/,/
2025/02/13,7470589067688970030,3460246471551717489,Paid,USD,Order,576874486400847970,1729420443135807601,1,Cherri Mid-Rise Thong | Wide Gusset Lip-Slip Free Underwear | Stretchy Breathable Organic Cotton Panties Womenswear,"L/XL, Polka Dot",2025/02/02,2025/02/04,2025/02/05,22.37,23.8,28.0,0.0,-4.2,0.0,0.0,0,0,0,0,0.0,0,0,0,0.0,0,0,0,0.0,0,0,0,0,-1.43,0,-1.43,0.0,0,0,0,0,0,0,0,0,0,0,0,0,0,0,0,/,576874486400847970,,23.8,0.0,0,0,0.0,0,0,0,0.0,0.0,0.0,0.0,0,0.0,0,0.0,Co-funded,0,91,0,/,/,/,/
2025/02/13,7470589067688970030,3460246471551717489,Paid,USD,Order,576869646460294131,1729429023533273201,1,Cherri String Thong | Wide Gusset Lip-Slip Free Underwear | Stretchy Breathable Organic Cotton Panties Womenswear Comfort Lady,"3X/4X, Black Licorice",2025/01/28,2025/01/30,2025/02/05,22.37,23.8,28.0,0.0,-4.2,0.0,0.0,0,0,0,0,0.0,0,0,0,0.0,0,0,0,0.0,0,0,0,0,-1.43,0,-1.43,0.0,0,0,0,0,0,0,0,0,0,0,0,0,0,0,0,/,576869646460294131,,25.65,0.0,0,0,0.0,0,0,0,0.0,-1.85,0.0,0.0,0,0.0,0,0.0,Co-funded,0,91,0,/,/,/,/
2025/02/13,7470589067688970030,3460246471551717489,Paid,USD,Order,576869646460294131,1729421727802364017,1,Cherri String Bikini Top | Adjustable Straps | No Padding,"2X/3X, Black Licorice",2025/01/28,2025/01/30,2025/02/05,14.38,15.3,18.0,0.0,-2.7,0.0,0.0,0,0,0,0,0.0,0,0,0,0.0,0,0,0,0.0,0,0,0,0,-0.92,0,-0.92,0.0,0,0,0,0,0,0,0,0,0,0,0,0,0,0,0,/,576869646460294131,,16.49,0.0,0,0,0.0,0,0,0,0.0,-1.19,0.0,0.0,0,0.0,0,0.0,Co-funded,0,250,0,/,/,/,/
2025/02/11,7469840934457362222,3460233136939307121,Paid,USD,Order,576878935394062549,1729422244311044209,2,Cherri High Cut Thong | Wide Gusset Lip Slip Free Underwear | Stretchy Breathable Organic Cotton Panties Womenswear,"M/L, Black Licorice",2025/02/06,/,/,-0.67,0.0,56.0,-56.0,0.0,0.0,0.0,0,0,0,0,0.0,0,0,0,0.0,0,0,0,0.0,0,0,0,0,-0.67,0,0.0,-0.67,0,0,0,0,0,0,0,0,0,0,0,0,0,0,0,/,576878935394062549,,60.48,-60.48,0,0,0.0,0,0,0,0.0,-4.48,4.48,0.0,0,0.0,0,0.0,Co-funded,0,500,0,/,/,/,/
2025/02/10,7469481227461068590,3460225877449609329,Paid,USD,Order,576865678498566571,1729421287926567025,1,Cherri Underwear Mystery Bag,L/XL,2025/01/24,2025/02/01,2025/02/02,63.92,68.0,80.0,0.0,-12.0,0.0,0.0,0,0,0,0,0.0,0,0,0,0.0,0,0,0,0.0,0,0,0,0,-4.08,0,-4.08,0.0,0,0,0,0,0,0,0,0,0,0,0,0,0,0,0,/,576865678498566571,,72.76,0.0,0,0,0.0,0,0,0,0.0,-4.76,0.0,0.0,0,0.0,0,0.0,Co-funded,0,250,0,/,/,/,/
2025/02/09,7468904833249232686,3460220721909567601,Paid,USD,Order,576870158241599966,1729429023532945521,1,Cherri String Thong | Wide Gusset Lip-Slip Free Underwear | Stretchy Breathable Organic Cotton Panties Womenswear Comfort Lady,"2X/3X, Cherry",2025/01/28,2025/01/30,2025/02/01,22.37,23.8,28.0,0.0,-4.2,0.0,0.0,0,0,0,0,0.0,0,0,0,0.0,0,0,0,0.0,0,0,0,0,-1.43,0,-1.43,0.0,0,0,0,0,0,0,0,0,0,0,0,0,0,0,0,/,576870158241599966,,25.41,0.0,0,0,0.0,0,0,0,0.0,-1.61,0.0,0.0,0,0.0,0,0.0,/,0,91,0,/,/,/,/
2025/02/09,7468904833249232686,3460220721909567601,Paid,USD,Order,576869792739594884,1729429021580038257,1,Cherri String Thong | Wide Gusset Lip-Slip Free Underwear | Stretchy Breathable Organic Cotton Panties Womenswear Comfort Lady,"L/XL, Black Licorice",2025/01/28,2025/01/30,2025/02/04,22.37,23.8,28.0,0.0,-4.2,0.0,0.0,0,0,0,0,0.0,0,0,0,0.0,0,0,0,0.0,0,0,0,0,-1.43,0,-1.43,0.0,0,0,0,0,0,0,0,0,0,0,0,0,0,0,0,/,576869792739594884,,23.39,0.0,0,0,2.38,0,0,0,0.0,-1.97,0.0,0.0,0,0.0,0,0.0,/,0,91,0,/,/,/,/
2025/02/09,7468904833249232686,3460220721909567601,Paid,USD,Order,576866158636077533,1729429021578465393,1,Cherri String Thong | Wide Gusset Lip-Slip Free Underwear | Stretchy Breathable Organic Cotton Panties Womenswear Comfort Lady,"XS/S, Black Licorice",2025/01/25,2025/01/28,2025/01/31,22.37,23.8,28.0,0.0,-4.2,0.0,0.0,0,0,0,0,0.0,0,0,0,0.0,0,0,0,0.0,0,0,0,0,-1.43,0,-1.43,0.0,0,0,0,0,0,0,0,0,0,0,0,0,0,0,0,/,576866158636077533,,26.07,0.0,0,0,0.0,0,0,0,0.0,-2.27,0.0,0.0,0,0.0,0,0.0,/,0,91,0,/,/,/,/
2025/02/08,7468772735947294510,3460215196522680433,Paid,USD,Order,576867999652877232,1729421727802364017,1,Cherri String Bikini Top | Adjustable Straps | No Padding,"2X/3X, Black Licorice",2025/01/26,2025/01/28,2025/01/31,14.38,15.3,18.0,0.0,-2.7,0.0,0.0,0,0,0,0,0.0,0,0,0,0.0,0,0,0,0.0,0,0,0,0,-0.92,0,-0.92,0.0,0,0,0,0,0,0,0,0,0,0,0,0,0,0,0,/,576867999652877232,,16.62,0.0,0,0,0.0,0,0,0,0.0,-1.32,0.0,0.0,0,0.0,0,0.0,Co-funded,0,250,0,/,/,/,/
2025/02/08,7468772735947294510,3460215196522680433,Paid,USD,Order,576867999652877232,1729429023533011057,1,Cherri String Thong | Wide Gusset Lip-Slip Free Underwear | Stretchy Breathable Organic Cotton Panties Womenswear Comfort Lady,"2X/3X, Polka Dot",2025/01/26,2025/01/28,2025/01/31,22.37,23.8,28.0,0.0,-4.2,0.0,0.0,0,0,0,0,0.0,0,0,0,0.0,0,0,0,0.0,0,0,0,0,-1.43,0,-1.43,0.0,0,0,0,0,0,0,0,0,0,0,0,0,0,0,0,/,576867999652877232,,25.85,0.0,0,0,0.0,0,0,0,0.0,-2.05,0.0,0.0,0,0.0,0,0.0,Co-funded,0,91,0,/,/,/,/
2025/02/08,7468772735947294510,3460215196522680433,Paid,USD,Order,576867999652877232,1729428928777785457,1,Cherri String Bikini Bottom | Wide Gusset Lip-Slip Free Swimwear | Cheeky Brazilian Style,"2X/3X, Black Licorice",2025/01/26,2025/01/28,2025/01/31,15.98,17.0,20.0,0.0,-3.0,0.0,0.0,0,0,0,0,0.0,0,0,0,0.0,0,0,0,0.0,0,0,0,0,-1.02,0,-1.02,0.0,0,0,0,0,0,0,0,0,0,0,0,0,0,0,0,/,576867999652877232,,18.46,0.0,0,0,0.0,0,0,0,0.0,-1.46,0.0,0.0,0,0.0,0,0.0,Co-funded,0,250,0,/,/,/,/
2025/02/08,7468772735947294510,3460215196522680433,Paid,USD,Order,576867999652877232,1729429023532814449,1,Cherri String Thong | Wide Gusset Lip-Slip Free Underwear | Stretchy Breathable Organic Cotton Panties Womenswear Comfort Lady,"2X/3X, Red Candy Apple",2025/01/26,2025/01/28,2025/01/31,22.38,23.8,28.0,0.0,-4.2,0.0,0.0,0,0,0,0,0.0,0,0,0,0.0,0,0,0,0.0,0,0,0,0,-1.42,0,-1.42,0.0,0,0,0,0,0,0,0,0,0,0,0,0,0,0,0,/,576867999652877232,,25.85,0.0,0,0,0.0,0,0,0,0.0,-2.05,0.0,0.0,0,0.0,0,0.0,Co-funded,0,91,0,/,/,/,/
2025/02/06,7467721527887464238,3460215196522680433,Paid,USD,Order,576853570903445957,1729429021579055217,1,Cherri String Thong | Wide Gusset Lip-Slip Free Underwear | Stretchy Breathable Organic Cotton Panties Womenswear Comfort Lady,"S/M, Red Candy Apple",2025/01/14,2025/01/17,2025/01/29,22.37,23.8,28.0,0.0,-4.2,0.0,0.0,0,0,0,0,0.0,0,0,0,0.0,0,0,0,0.0,0,0,0,0,-1.43,0,-1.43,0.0,0,0,0,0,0,0,0,0,0,0,0,0,0,0,0,/,576853570903445957,,23.8,0.0,0,0,0.0,0,0,0,0.0,0.0,0.0,0.0,0,0.0,0,0.0,/,0,91,0,/,/,/,/
2025/02/06,7467721527887464238,3460215196522680433,Paid,USD,Order,576790865501327457,1729385494227488881,2,Cherri Mid-Rise Thong | Wide Gusset Lip-Slip Free Underwear | Stretchy Breathable Organic Cotton Panties Womenswear,"XS/S, Black Licorice",2024/11/25,2024/11/26,2024/12/02,-42.62,-39.2,0.0,-39.2,0.0,0.0,-5.3,0,0,0,0,0.0,0,0,0,-2.0,0,0,0,-3.3,0,0,0,0,1.88,0,2.35,-0.47,0,0,0,0,0,0,0,0,0,0,0,0,0,0,0,/,576790865501327457,,0.0,-39.2,0,0,0.0,0,0,0,0.0,0.0,0.0,0.0,0,0.0,0,0.0,Co-funded,0,182,0,/,/,/,/
2025/02/04,7466979092059981614,3460186183332368497,Paid,USD,Order,576864421940728177,1729429021578727537,1,Cherri String Thong | Wide Gusset Lip-Slip Free Underwear | Stretchy Breathable Organic Cotton Panties Womenswear Comfort Lady,"XS/S, Polka Dot",2025/01/23,2025/01/24,2025/01/27,22.37,23.8,28.0,0.0,-4.2,0.0,0.0,0,0,0,0,0.0,0,0,0,0.0,0,0,0,0.0,0,0,0,0,-1.43,0,-1.43,0.0,0,0,0,0,0,0,0,0,0,0,0,0,0,0,0,/,576864421940728177,,23.8,0.0,0,0,0.0,0,0,0,0.0,0.0,0.0,0.0,0,0.0,0,0.0,/,0,91,0,/,/,/,/
2025/02/04,7466979092059981614,3460186183332368497,Paid,USD,Order,576862199223193972,1729429021580038257,1,Cherri String Thong | Wide Gusset Lip-Slip Free Underwear | Stretchy Breathable Organic Cotton Panties Womenswear Comfort Lady,"L/XL, Black Licorice",2025/01/21,2025/01/24,2025/01/26,22.37,23.8,28.0,0.0,-4.2,0.0,0.0,0,0,0,0,0.0,0,0,0,0.0,0,0,0,0.0,0,0,0,0,-1.43,0,-1.43,0.0,0,0,0,0,0,0,0,0,0,0,0,0,0,0,0,/,576862199223193972,,25.75,0.0,0,0,0.0,0,0,0,0.0,-1.9,0.0,-0.05,0,0.0,0,0.0,/,0,91,0,/,/,/,/
2025/02/04,7466979092059981614,3460186183332368497,Paid,USD,Order,576861242187747417,1729429017633984625,1,Cherri String Thong | Wide Gusset Lip-Slip Free Underwear | Stretchy Breathable Organic Cotton Panties Womenswear Comfort Lady,"1X/2X, Black Licorice",2025/01/20,2025/01/24,2025/01/27,22.37,23.8,28.0,0.0,-4.2,0.0,0.0,0,0,0,0,0.0,0,0,0,0.0,0,0,0,0.0,0,0,0,0,-1.43,0,-1.43,0.0,0,0,0,0,0,0,0,0,0,0,0,0,0,0,0,/,576861242187747417,,25.31,0.0,0,0,0.0,0,0,0,0.0,-1.51,0.0,0.0,0,0.0,0,0.0,/,0,91,0,/,/,/,/
2025/02/03,7466625460320814894,3460178510201327729,Paid,USD,Order,576858003787977665,1729429021578465393,1,Cherri String Thong | Wide Gusset Lip-Slip Free Underwear | Stretchy Breathable Organic Cotton Panties Womenswear Comfort Lady,"XS/S, Black Licorice",2025/01/18,2025/01/20,2025/01/25,22.37,23.8,28.0,0.0,-4.2,0.0,0.0,0,0,0,0,0.0,0,0,0,0.0,0,0,0,0.0,0,0,0,0,-1.43,0,-1.43,0.0,0,0,0,0,0,0,0,0,0,0,0,0,0,0,0,/,576858003787977665,,25.86,0.0,0,0,0.0,0,0,0,0.0,-2.06,0.0,0.0,0,0.0,0,0.0,/,0,91,0,/,/,/,/
2025/02/02,7466449451289249579,3460173327702200433,Paid,USD,Order,576862327518106616,1729429021578989681,1,Cherri String Thong | Wide Gusset Lip-Slip Free Underwear | Stretchy Breathable Organic Cotton Panties Womenswear Comfort Lady,"S/M, Black Licorice",2025/01/21,2025/01/24,2025/01/25,22.37,23.8,28.0,0.0,-4.2,0.0,0.0,0,0,0,0,0.0,0,0,0,0.0,0,0,0,0.0,0,0,0,0,-1.43,0,-1.43,0.0,0,0,0,0,0,0,0,0,0,0,0,0,0,0,0,/,576862327518106616,,26.19,0.0,0,0,0.0,0,0,0,0.0,-2.39,0.0,0.0,0,0.0,0,0.0,/,0,91,0,/,/,/,/
2025/02/02,7466449451289249579,3460173327702200433,Paid,USD,Order,576862327518106616,1729429021579055217,1,Cherri String Thong | Wide Gusset Lip-Slip Free Underwear | Stretchy Breathable Organic Cotton Panties Womenswear Comfort Lady,"S/M, Red Candy Apple",2025/01/21,2025/01/24,2025/01/25,22.37,23.8,28.0,0.0,-4.2,0.0,0.0,0,0,0,0,0.0,0,0,0,0.0,0,0,0,0.0,0,0,0,0,-1.43,0,-1.43,0.0,0,0,0,0,0,0,0,0,0,0,0,0,0,0,0,/,576862327518106616,,26.19,0.0,0,0,0.0,0,0,0,0.0,-2.39,0.0,0.0,0,0.0,0,0.0,/,0,91,0,/,/,/,/
2025/02/02,7466449451289249579,3460173327702200433,Paid,USD,Order,576862241546539738,1729429021578989681,1,Cherri String Thong | Wide Gusset Lip-Slip Free Underwear | Stretchy Breathable Organic Cotton Panties Womenswear Comfort Lady,"S/M, Black Licorice",2025/01/21,2025/01/24,2025/01/25,22.37,23.8,28.0,0.0,-4.2,0.0,0.0,0,0,0,0,0.0,0,0,0,0.0,0,0,0,0.0,0,0,0,0,-1.43,0,-1.43,0.0,0,0,0,0,0,0,0,0,0,0,0,0,0,0,0,/,576862241546539738,,25.47,0.0,0,0,0.0,0,0,0,0.0,-1.67,0.0,0.0,0,0.0,0,0.0,/,0,91,0,/,/,/,/
2025/02/02,7466449451289249579,3460173327702200433,Paid,USD,Order,576861901557633935,1729422244310519921,1,Cherri High Cut Thong | Wide Gusset Lip Slip Free Underwear | Stretchy Breathable Organic Cotton Panties Womenswear,"XS/S, Black Licorice",2025/01/21,2025/01/24,2025/01/25,22.37,23.8,28.0,0.0,-4.2,0.0,0.0,0,0,0,0,0.0,0,0,0,0.0,0,0,0,0.0,0,0,0,0,-1.43,0,-1.43,0.0,0,0,0,0,0,0,0,0,0,0,0,0,0,0,0,/,576861901557633935,,26.07,0.0,0,0,0.0,0,0,0,0.0,-2.27,0.0,0.0,0,0.0,0,0.0,/,0,250,0,/,/,/,/
2025/02/02,7466449451289249579,3460173327702200433,Paid,USD,Order,576861901557633935,1729429021578530929,1,Cherri String Thong | Wide Gusset Lip-Slip Free Underwear | Stretchy Breathable Organic Cotton Panties Womenswear Comfort Lady,"XS/S, Red Candy Apple",2025/01/21,2025/01/24,2025/01/25,22.37,23.8,28.0,0.0,-4.2,0.0,0.0,0,0,0,0,0.0,0,0,0,0.0,0,0,0,0.0,0,0,0,0,-1.43,0,-1.43,0.0,0,0,0,0,0,0,0,0,0,0,0,0,0,0,0,/,576861901557633935,,26.07,0.0,0,0,0.0,0,0,0,0.0,-2.27,0.0,0.0,0,0.0,0,0.0,/,0,91,0,/,/,/,/
2025/02/02,7466449451289249579,3460173327702200433,Paid,USD,Order,576854461034696923,1729429021579513969,2,Cherri String Thong | Wide Gusset Lip-Slip Free Underwear | Stretchy Breathable Organic Cotton Panties Womenswear Comfort Lady,"M/L, Black Licorice",2025/01/15,2025/01/16,2025/01/25,44.74,47.6,56.0,0.0,-8.4,0.0,0.0,0,0,0,0,0.0,0,0,0,0.0,0,0,0,0.0,0,0,0,0,-2.86,0,-2.86,0.0,0,0,0,0,0,0,0,0,0,0,0,0,0,0,0,/,576854461034696923,,51.41,0.0,0,0,0.0,0,0,0,0.0,-3.81,0.0,0.0,0,0.0,0,0.0,Co-funded,0,182,0,/,/,/,/
2025/01/31,7465497994423715627,3460158783872798833,Paid,USD,Order,576858641863316429,1729429021578465393,1,Cherri String Thong | Wide Gusset Lip-Slip Free Underwear | Stretchy Breathable Organic Cotton Panties Womenswear Comfort Lady,"XS/S, Black Licorice",2025/01/18,2025/01/20,2025/01/23,22.37,23.8,28.0,0.0,-4.2,0.0,0.0,0,0,0,0,0.0,0,0,0,0.0,0,0,0,0.0,0,0,0,0,-1.43,0,-1.43,0.0,0,0,0,0,0,0,0,0,0,0,0,0,0,0,0,/,576858641863316429,,25.47,0.0,0,0,0.0,0,0,0,0.0,-1.67,0.0,0.0,0,0.0,0,0.0,/,0,91,0,/,/,/,/
2025/01/31,7465497994423715627,3460158783872798833,Paid,USD,Order,576858382800622064,1729429017634050161,1,Cherri String Thong | Wide Gusset Lip-Slip Free Underwear | Stretchy Breathable Organic Cotton Panties Womenswear Comfort Lady,"1X/2X, Red Candy Apple",2025/01/18,2025/01/20,2025/01/23,22.37,23.8,28.0,0.0,-4.2,0.0,0.0,0,0,0,0,0.0,0,0,0,0.0,0,0,0,0.0,0,0,0,0,-1.43,0,-1.43,0.0,0,0,0,0,0,0,0,0,0,0,0,0,0,0,0,/,576858382800622064,,25.77,0.0,0,0,0.0,0,0,0,0.0,-1.97,0.0,0.0,0,0.0,0,0.0,Co-funded,0,91,0,/,/,/,/
2025/01/31,7465497994423715627,3460158783872798833,Paid,USD,Order,576858382800622064,1729429017633984625,1,Cherri String Thong | Wide Gusset Lip-Slip Free Underwear | Stretchy Breathable Organic Cotton Panties Womenswear Comfort Lady,"1X/2X, Black Licorice",2025/01/18,2025/01/20,2025/01/23,22.37,23.8,28.0,0.0,-4.2,0.0,0.0,0,0,0,0,0.0,0,0,0,0.0,0,0,0,0.0,0,0,0,0,-1.43,0,-1.43,0.0,0,0,0,0,0,0,0,0,0,0,0,0,0,0,0,/,576858382800622064,,25.77,0.0,0,0,0.0,0,0,0,0.0,-1.97,0.0,0.0,0,0.0,0,0.0,Co-funded,0,91,0,/,/,/,/
2025/01/31,7465497994423715627,3460158783872798833,Paid,USD,Order,576857152027594757,1729429021580038257,1,Cherri String Thong | Wide Gusset Lip-Slip Free Underwear | Stretchy Breathable Organic Cotton Panties Womenswear Comfort Lady,"L/XL, Black Licorice",2025/01/17,2025/01/17,2025/01/22,22.37,23.8,28.0,0.0,-4.2,0.0,0.0,0,0,0,0,0.0,0,0,0,0.0,0,0,0,0.0,0,0,0,0,-1.43,0,-1.43,0.0,0,0,0,0,0,0,0,0,0,0,0,0,0,0,0,/,576857152027594757,,25.23,0.0,0,0,0.0,0,0,0,0.0,-1.43,0.0,0.0,0,0.0,0,0.0,Co-funded,0,91,0,/,/,/,/
2025/01/31,7465497994423715627,3460158783872798833,Paid,USD,Order,576857152027594757,1729429021580169329,1,Cherri String Thong | Wide Gusset Lip-Slip Free Underwear | Stretchy Breathable Organic Cotton Panties Womenswear Comfort Lady,"L/XL, Strawberry Pink",2025/01/17,2025/01/17,2025/01/22,22.37,23.8,28.0,0.0,-4.2,0.0,0.0,0,0,0,0,0.0,0,0,0,0.0,0,0,0,0.0,0,0,0,0,-1.43,0,-1.43,0.0,0,0,0,0,0,0,0,0,0,0,0,0,0,0,0,/,576857152027594757,,25.23,0.0,0,0,0.0,0,0,0,0.0,-1.43,0.0,0.0,0,0.0,0,0.0,Co-funded,0,91,0,/,/,/,/
2025/01/31,7465497994423715627,3460158783872798833,Paid,USD,Order,576857152027594757,1729429021580103793,1,Cherri String Thong | Wide Gusset Lip-Slip Free Underwear | Stretchy Breathable Organic Cotton Panties Womenswear Comfort Lady,"L/XL, Red Candy Apple",2025/01/17,2025/01/17,2025/01/22,22.38,23.8,28.0,0.0,-4.2,0.0,0.0,0,0,0,0,0.0,0,0,0,0.0,0,0,0,0.0,0,0,0,0,-1.42,0,-1.42,0.0,0,0,0,0,0,0,0,0,0,0,0,0,0,0,0,/,576857152027594757,,25.23,0.0,0,0,0.0,0,0,0,0.0,-1.43,0.0,0.0,0,0.0,0,0.0,Co-funded,0,91,0,/,/,/,/
2025/01/31,7465497994423715627,3460158783872798833,Paid,USD,Order,576855781740220671,1729385494501298289,1,Cherri High Cut Bikini Bottom | Wide Gusset Lip-Slip Free Swimwear,"M/L, Bubblegum Pink",2025/01/16,2025/01/18,2025/01/23,15.98,17.0,20.0,0.0,-3.0,0.0,0.0,0,0,0,0,0.0,0,0,0,0.0,0,0,0,0.0,0,0,0,0,-1.02,0,-1.02,0.0,0,0,0,0,0,0,0,0,0,0,0,0,0,0,0,/,576855781740220671,,17.0,0.0,0,0,0.0,0,0,0,0.0,0.0,0.0,0.0,0,0.0,0,0.0,Co-funded,0,91,0,/,/,/,/
2025/01/31,7465497994423715627,3460158783872798833,Paid,USD,Order,576855781740220671,1729385424443183217,1,Cherri Bandeau Bikini Top | Detachable Straps,"S/M, Bubblegum Pink",2025/01/16,2025/01/18,2025/01/23,14.38,15.3,18.0,0.0,-2.7,0.0,0.0,0,0,0,0,0.0,0,0,0,0.0,0,0,0,0.0,0,0,0,0,-0.92,0,-0.92,0.0,0,0,0,0,0,0,0,0,0,0,0,0,0,0,0,/,576855781740220671,,15.3,0.0,0,0,0.0,0,0,0,0.0,0.0,0.0,0.0,0,0.0,0,0.0,Co-funded,0,91,0,/,/,/,/
2025/01/31,7465497994423715627,3460158783872798833,Paid,USD,Order,576855781740220671,1729421287926435953,1,Cherri Underwear Mystery Bag,S/M,2025/01/16,2025/01/18,2025/01/23,63.92,68.0,80.0,0.0,-12.0,0.0,0.0,0,0,0,0,0.0,0,0,0,0.0,0,0,0,0.0,0,0,0,0,-4.08,0,-4.08,0.0,0,0,0,0,0,0,0,0,0,0,0,0,0,0,0,/,576855781740220671,,68.0,0.0,0,0,0.0,0,0,0,0.0,0.0,0.0,0.0,0,0.0,0,0.0,Co-funded,0,250,0,/,/,/,/
2025/01/31,7465497994423715627,3460158783872798833,Paid,USD,Order,576855134554853981,1729429021580038257,1,Cherri String Thong | Wide Gusset Lip-Slip Free Underwear | Stretchy Breathable Organic Cotton Panties Womenswear Comfort Lady,"L/XL, Black Licorice",2025/01/15,2025/01/16,2025/01/22,22.37,23.8,28.0,0.0,-4.2,0.0,0.0,0,0,0,0,0.0,0,0,0,0.0,0,0,0,0.0,0,0,0,0,-1.43,0,-1.43,0.0,0,0,0,0,0,0,0,0,0,0,0,0,0,0,0,/,576855134554853981,,23.21,0.0,0,0,2.38,0,0,0,0.0,-1.79,0.0,0.0,0,0.0,0,0.0,/,0,91,0,/,/,/,/
2025/01/31,7465497994423715627,3460158783872798833,Paid,USD,Order,576853264140112663,1729428928760746097,1,Cherri String Bikini Bottom | Wide Gusset Lip-Slip Free Swimwear | Cheeky Brazilian Style,"XS/S, Black Licorice",2025/01/14,2025/01/15,2025/01/23,15.98,17.0,20.0,0.0,-3.0,0.0,0.0,0,0,0,0,0.0,0,0,0,0.0,0,0,0,0.0,0,0,0,0,-1.02,0,-1.02,0.0,0,0,0,0,0,0,0,0,0,0,0,0,0,0,0,/,576853264140112663,,17.0,0.0,0,0,0.0,0,0,0,0.0,0.0,0.0,0.0,0,0.0,0,0.0,Co-funded,0,250,0,/,/,/,/
2025/01/31,7465497994423715627,3460158783872798833,Paid,USD,Order,576853264140112663,1729429021578465393,1,Cherri String Thong | Wide Gusset Lip-Slip Free Underwear | Stretchy Breathable Organic Cotton Panties Womenswear Comfort Lady,"XS/S, Black Licorice",2025/01/14,2025/01/15,2025/01/23,22.37,23.8,28.0,0.0,-4.2,0.0,0.0,0,0,0,0,0.0,0,0,0,0.0,0,0,0,0.0,0,0,0,0,-1.43,0,-1.43,0.0,0,0,0,0,0,0,0,0,0,0,0,0,0,0,0,/,576853264140112663,,23.8,0.0,0,0,0.0,0,0,0,0.0,0.0,0.0,0.0,0,0.0,0,0.0,Co-funded,0,91,0,/,/,/,/
2025/01/31,7465497994423715627,3460158783872798833,Paid,USD,Order,576853180088030071,1729429021579120753,1,Cherri String Thong | Wide Gusset Lip-Slip Free Underwear | Stretchy Breathable Organic Cotton Panties Womenswear Comfort Lady,"S/M, Strawberry Pink",2025/01/14,2025/01/18,2025/01/23,22.37,23.8,28.0,0.0,-4.2,0.0,0.0,0,0,0,0,0.0,0,0,0,0.0,0,0,0,0.0,0,0,0,0,-1.43,0,-1.43,0.0,0,0,0,0,0,0,0,0,0,0,0,0,0,0,0,/,576853180088030071,,26.07,0.0,0,0,0.0,0,0,0,0.0,-2.27,0.0,0.0,0,0.0,0,0.0,/,0,91,0,/,/,/,/
2025/01/30,7465135746253457194,3460151712939479153,Paid,USD,Order,576859224603267314,1729429021580038257,1,Cherri String Thong | Wide Gusset Lip-Slip Free Underwear | Stretchy Breathable Organic Cotton Panties Womenswear Comfort Lady,"L/XL, Black Licorice",2025/01/18,2025/01/20,2025/01/22,22.37,23.8,28.0,0.0,-4.2,0.0,0.0,0,0,0,0,0.0,0,0,0,0.0,0,0,0,0.0,0,0,0,0,-1.43,0,-1.43,0.0,0,0,0,0,0,0,0,0,0,0,0,0,0,0,0,/,576859224603267314,,23.8,0.0,0,0,0.0,0,0,0,0.0,0.0,0.0,0.0,0,0.0,0,0.0,/,0,91,0,/,/,/,/
2025/01/30,7465135746253457194,3460151712939479153,Paid,USD,Order,576858929711125298,1729429021579055217,1,Cherri String Thong | Wide Gusset Lip-Slip Free Underwear | Stretchy Breathable Organic Cotton Panties Womenswear Comfort Lady,"S/M, Red Candy Apple",2025/01/18,2025/01/20,2025/01/22,22.37,23.8,28.0,0.0,-4.2,0.0,0.0,0,0,0,0,0.0,0,0,0,0.0,0,0,0,0.0,0,0,0,0,-1.43,0,-1.43,0.0,0,0,0,0,0,0,0,0,0,0,0,0,0,0,0,/,576858929711125298,,26.43,0.0,0,0,0.0,0,0,0,0.0,-2.63,0.0,0.0,0,0.0,0,0.0,/,0,91,0,/,/,/,/
2025/01/30,7465135746253457194,3460151712939479153,Paid,USD,Order,576858078893347085,1729429021580038257,1,Cherri String Thong | Wide Gusset Lip-Slip Free Underwear | Stretchy Breathable Organic Cotton Panties Womenswear Comfort Lady,"L/XL, Black Licorice",2025/01/18,2025/01/20,2025/01/22,22.37,23.8,28.0,0.0,-4.2,0.0,0.0,0,0,0,0,0.0,0,0,0,0.0,0,0,0,0.0,0,0,0,0,-1.43,0,-1.43,0.0,0,0,0,0,0,0,0,0,0,0,0,0,0,0,0,/,576858078893347085,,25.47,0.0,0,0,0.0,0,0,0,0.0,-1.67,0.0,0.0,0,0.0,0,0.0,/,0,91,0,/,/,/,/
2025/01/30,7465135746253457194,3460151712939479153,Paid,USD,Order,576858072060039986,1729429021579055217,1,Cherri String Thong | Wide Gusset Lip-Slip Free Underwear | Stretchy Breathable Organic Cotton Panties Womenswear Comfort Lady,"S/M, Red Candy Apple",2025/01/18,2025/01/20,2025/01/22,22.37,23.8,28.0,0.0,-4.2,0.0,0.0,0,0,0,0,0.0,0,0,0,0.0,0,0,0,0.0,0,0,0,0,-1.43,0,-1.43,0.0,0,0,0,0,0,0,0,0,0,0,0,0,0,0,0,/,576858072060039986,,26.43,0.0,0,0,0.0,0,0,0,0.0,-2.63,0.0,0.0,0,0.0,0,0.0,/,0,91,0,/,/,/,/
2025/01/30,7465135746253457194,3460151712939479153,Paid,USD,Order,576856895545446760,1729429021579251825,1,Cherri String Thong | Wide Gusset Lip-Slip Free Underwear | Stretchy Breathable Organic Cotton Panties Womenswear Comfort Lady,"S/M, Polka Dot",2025/01/17,2025/01/17,2025/01/22,22.37,23.8,28.0,0.0,-4.2,0.0,0.0,0,0,0,0,0.0,0,0,0,0.0,0,0,0,0.0,0,0,0,0,-1.43,0,-1.43,0.0,0,0,0,0,0,0,0,0,0,0,0,0,0,0,0,/,576856895545446760,,23.83,0.0,0,0,1.4,0,0,0,0.0,-1.43,0.0,0.0,0,0.0,0,0.0,/,0,91,0,/,/,/,/
2025/01/30,7465135746253457194,3460151712939479153,Paid,USD,Order,576856747767206845,1729429021579055217,1,Cherri String Thong | Wide Gusset Lip-Slip Free Underwear | Stretchy Breathable Organic Cotton Panties Womenswear Comfort Lady,"S/M, Red Candy Apple",2025/01/17,2025/01/20,2025/01/22,22.37,23.8,28.0,0.0,-4.2,0.0,0.0,0,0,0,0,0.0,0,0,0,0.0,0,0,0,0.0,0,0,0,0,-1.43,0,-1.43,0.0,0,0,0,0,0,0,0,0,0,0,0,0,0,0,0,/,576856747767206845,,25.83,0.0,0,0,0.0,0,0,0,0.0,-2.03,0.0,0.0,0,0.0,0,0.0,/,0,91,0,/,/,/,/
2025/01/30,7465135746253457194,3460151712939479153,Paid,USD,Order,576856425141015472,1729429023532945521,1,Cherri String Thong | Wide Gusset Lip-Slip Free Underwear | Stretchy Breathable Organic Cotton Panties Womenswear Comfort Lady,"2X/3X, Cherry",2025/01/16,2025/01/17,2025/01/22,22.37,23.8,28.0,0.0,-4.2,0.0,0.0,0,0,0,0,0.0,0,0,0,0.0,0,0,0,0.0,0,0,0,0,-1.43,0,-1.43,0.0,0,0,0,0,0,0,0,0,0,0,0,0,0,0,0,/,576856425141015472,,25.85,0.0,0,0,0.0,0,0,0,0.0,-2.05,0.0,0.0,0,0.0,0,0.0,Co-funded,0,91,0,/,/,/,/
2025/01/30,7465135746253457194,3460151712939479153,Paid,USD,Order,576856425141015472,1729429023532748913,1,Cherri String Thong | Wide Gusset Lip-Slip Free Underwear | Stretchy Breathable Organic Cotton Panties Womenswear Comfort Lady,"2X/3X, Black Licorice",2025/01/16,2025/01/17,2025/01/22,22.37,23.8,28.0,0.0,-4.2,0.0,0.0,0,0,0,0,0.0,0,0,0,0.0,0,0,0,0.0,0,0,0,0,-1.43,0,-1.43,0.0,0,0,0,0,0,0,0,0,0,0,0,0,0,0,0,/,576856425141015472,,25.85,0.0,0,0,0.0,0,0,0,0.0,-2.05,0.0,0.0,0,0.0,0,0.0,Co-funded,0,91,0,/,/,/,/
2025/01/30,7465135746253457194,3460151712939479153,Paid,USD,Order,576856294985732214,1729429017633984625,1,Cherri String Thong | Wide Gusset Lip-Slip Free Underwear | Stretchy Breathable Organic Cotton Panties Womenswear Comfort Lady,"1X/2X, Black Licorice",2025/01/16,2025/01/17,2025/01/22,22.37,23.8,28.0,0.0,-4.2,0.0,0.0,0,0,0,0,0.0,0,0,0,0.0,0,0,0,0.0,0,0,0,0,-1.43,0,-1.43,0.0,0,0,0,0,0,0,0,0,0,0,0,0,0,0,0,/,576856294985732214,,22.85,0.0,0,0,2.38,0,0,0,0.0,-1.43,0.0,0.0,0,0.0,0,0.0,/,0,91,0,/,/,/,/
2025/01/30,7465135746253457194,3460151712939479153,Paid,USD,Order,576854777136190311,1729429021579645041,2,Cherri String Thong | Wide Gusset Lip-Slip Free Underwear | Stretchy Breathable Organic Cotton Panties Womenswear Comfort Lady,"M/L, Strawberry Pink",2025/01/15,2025/01/18,2025/01/22,44.75,47.6,56.0,0.0,-8.4,0.0,0.0,0,0,0,0,0.0,0,0,0,0.0,0,0,0,0.0,0,0,0,0,-2.85,0,-2.85,0.0,0,0,0,0,0,0,0,0,0,0,0,0,0,0,0,/,576854777136190311,,49.98,0.0,0,0,0.0,0,0,0,0.0,-2.38,0.0,0.0,0,0.0,0,0.0,Co-funded,0,182,0,/,/,/,/
2025/01/30,7465135746253457194,3460151712939479153,Paid,USD,Order,576854777136190311,1729429021579579505,2,Cherri String Thong | Wide Gusset Lip-Slip Free Underwear | Stretchy Breathable Organic Cotton Panties Womenswear Comfort Lady,"M/L, Red Candy Apple",2025/01/15,2025/01/18,2025/01/22,44.74,47.6,56.0,0.0,-8.4,0.0,0.0,0,0,0,0,0.0,0,0,0,0.0,0,0,0,0.0,0,0,0,0,-2.86,0,-2.86,0.0,0,0,0,0,0,0,0,0,0,0,0,0,0,0,0,/,576854777136190311,,49.98,0.0,0,0,0.0,0,0,0,0.0,-2.38,0.0,0.0,0,0.0,0,0.0,Co-funded,0,182,0,/,/,/,/
2025/01/30,7465135746253457194,3460151712939479153,Paid,USD,Order,576854759513493548,1729421287926435953,1,Cherri Underwear Mystery Bag,S/M,2025/01/15,2025/01/18,2025/01/22,63.92,68.0,80.0,0.0,-12.0,0.0,0.0,0,0,0,0,0.0,0,0,0,0.0,0,0,0,0.0,0,0,0,0,-4.08,0,-4.08,0.0,0,0,0,0,0,0,0,0,0,0,0,0,0,0,0,/,576854759513493548,,67.08,0.0,0,0,5.0,0,0,0,0.0,-4.08,0.0,0.0,0,0.0,0,0.0,Co-funded,0,250,0,/,/,/,/
2025/01/30,7465135746253457194,3460151712939479153,Paid,USD,Order,576853141057475023,1729429021579579505,1,Cherri String Thong | Wide Gusset Lip-Slip Free Underwear | Stretchy Breathable Organic Cotton Panties Womenswear Comfort Lady,"M/L, Red Candy Apple",2025/01/14,2025/01/16,2025/01/21,23.37,23.8,28.0,0.0,-4.2,0.0,1.0,0,0,0,0,0.0,0,0,0,1.0,0,0,0,0.0,0,0,0,0,-1.43,0,-1.43,0.0,0,0,0,0,0,0,0,0,0,0,0,0,0,0,0,/,576853141057475023,,23.8,0.0,0,0,0.0,0,0,0,0.0,0.0,0.0,0.0,0,2.65,0,-2.65,Co-funded,0,91,0,/,/,/,/
2025/01/30,7465135746253457194,3460151712939479153,Paid,USD,Order,576853141057475023,1729429021579513969,1,Cherri String Thong | Wide Gusset Lip-Slip Free Underwear | Stretchy Breathable Organic Cotton Panties Womenswear Comfort Lady,"M/L, Black Licorice",2025/01/14,2025/01/16,2025/01/21,23.37,23.8,28.0,0.0,-4.2,0.0,1.0,0,0,0,0,0.0,0,0,0,1.0,0,0,0,0.0,0,0,0,0,-1.43,0,-1.43,0.0,0,0,0,0,0,0,0,0,0,0,0,0,0,0,0,/,576853141057475023,,23.8,0.0,0,0,0.0,0,0,0,0.0,0.0,0.0,0.0,0,2.65,0,-2.65,Co-funded,0,91,0,/,/,/,/
2025/01/29,7465034299818559278,3460144546480427121,Paid,USD,Order,576857103245677232,1729429021578465393,1,Cherri String Thong | Wide Gusset Lip-Slip Free Underwear | Stretchy Breathable Organic Cotton Panties Womenswear Comfort Lady,"XS/S, Black Licorice",2025/01/17,2025/01/17,2025/01/21,22.37,23.8,28.0,0.0,-4.2,0.0,0.0,0,0,0,0,0.0,0,0,0,0.0,0,0,0,0.0,0,0,0,0,-1.43,0,-1.43,0.0,0,0,0,0,0,0,0,0,0,0,0,0,0,0,0,/,576857103245677232,,25.35,0.0,0,0,0.0,0,0,0,0.0,-1.55,0.0,0.0,0,0.0,0,0.0,/,0,91,0,/,/,/,/
2025/01/29,7465034299818559278,3460144546480427121,Paid,USD,Order,576856734230024325,1729429021579776113,1,Cherri String Thong | Wide Gusset Lip-Slip Free Underwear | Stretchy Breathable Organic Cotton Panties Womenswear Comfort Lady,"M/L, Polka Dot",2025/01/17,2025/01/20,2025/01/21,22.37,23.8,28.0,0.0,-4.2,0.0,0.0,0,0,0,0,0.0,0,0,0,0.0,0,0,0,0.0,0,0,0,0,-1.43,0,-1.43,0.0,0,0,0,0,0,0,0,0,0,0,0,0,0,0,0,/,576856734230024325,,26.27,0.0,0,0,0.0,0,0,0,0.0,-2.47,0.0,0.0,0,0.0,0,0.0,Co-funded,0,91,0,/,/,/,/
2025/01/29,7465034299818559278,3460144546480427121,Paid,USD,Order,576856734230024325,1729429021579055217,1,Cherri String Thong | Wide Gusset Lip-Slip Free Underwear | Stretchy Breathable Organic Cotton Panties Womenswear Comfort Lady,"S/M, Red Candy Apple",2025/01/17,2025/01/20,2025/01/21,22.37,23.8,28.0,0.0,-4.2,0.0,0.0,0,0,0,0,0.0,0,0,0,0.0,0,0,0,0.0,0,0,0,0,-1.43,0,-1.43,0.0,0,0,0,0,0,0,0,0,0,0,0,0,0,0,0,/,576856734230024325,,26.27,0.0,0,0,0.0,0,0,0,0.0,-2.47,0.0,0.0,0,0.0,0,0.0,Co-funded,0,91,0,/,/,/,/
2025/01/29,7465034299818559278,3460144546480427121,Paid,USD,Order,576855457519604313,1729429021580169329,1,Cherri String Thong | Wide Gusset Lip-Slip Free Underwear | Stretchy Breathable Organic Cotton Panties Womenswear Comfort Lady,"L/XL, Strawberry Pink",2025/01/16,2025/01/16,2025/01/21,22.37,23.8,28.0,0.0,-4.2,0.0,0.0,0,0,0,0,0.0,0,0,0,0.0,0,0,0,0.0,0,0,0,0,-1.43,0,-1.43,0.0,0,0,0,0,0,0,0,0,0,0,0,0,0,0,0,/,576855457519604313,,23.8,0.0,0,0,0.0,0,0,0,0.0,0.0,0.0,0.0,0,0.0,0,0.0,Co-funded,0,91,0,/,/,/,/
2025/01/29,7465034299818559278,3460144546480427121,Paid,USD,Order,576855457519604313,1729429021580038257,1,Cherri String Thong | Wide Gusset Lip-Slip Free Underwear | Stretchy Breathable Organic Cotton Panties Womenswear Comfort Lady,"L/XL, Black Licorice",2025/01/16,2025/01/16,2025/01/21,22.37,23.8,28.0,0.0,-4.2,0.0,0.0,0,0,0,0,0.0,0,0,0,0.0,0,0,0,0.0,0,0,0,0,-1.43,0,-1.43,0.0,0,0,0,0,0,0,0,0,0,0,0,0,0,0,0,/,576855457519604313,,23.8,0.0,0,0,0.0,0,0,0,0.0,0.0,0.0,0.0,0,0.0,0,0.0,Co-funded,0,91,0,/,/,/,/
2025/01/29,7465034299818559278,3460144546480427121,Paid,USD,Order,576855335622840354,1729429021579251825,1,Cherri String Thong | Wide Gusset Lip-Slip Free Underwear | Stretchy Breathable Organic Cotton Panties Womenswear Comfort Lady,"S/M, Polka Dot",2025/01/15,2025/01/16,2025/01/21,22.37,23.8,28.0,0.0,-4.2,0.0,0.0,0,0,0,0,0.0,0,0,0,0.0,0,0,0,0.0,0,0,0,0,-1.43,0,-1.43,0.0,0,0,0,0,0,0,0,0,0,0,0,0,0,0,0,/,576855335622840354,,22.85,0.0,0,0,2.38,0,0,0,0.0,-1.43,0.0,0.0,0,0.0,0,0.0,/,0,91,0,/,/,/,/
2025/01/29,7465034299818559278,3460144546480427121,Paid,USD,Order,576854827340763482,1729421287926567025,1,Cherri Underwear Mystery Bag,L/XL,2025/01/15,2025/01/18,2025/01/21,63.92,68.0,80.0,0.0,-12.0,0.0,0.0,0,0,0,0,0.0,0,0,0,0.0,0,0,0,0.0,0,0,0,0,-4.08,0,-4.08,0.0,0,0,0,0,0,0,0,0,0,0,0,0,0,0,0,/,576854827340763482,,68.85,0.0,0,0,5.0,0,0,0,0.0,-5.85,0.0,0.0,0,0.0,0,0.0,Co-funded,0,250,0,/,/,/,/
2025/01/29,7465034299818559278,3460144546480427121,Paid,USD,Order,576854579663770444,1729429021579579505,1,Cherri String Thong | Wide Gusset Lip-Slip Free Underwear | Stretchy Breathable Organic Cotton Panties Womenswear Comfort Lady,"M/L, Red Candy Apple",2025/01/15,2025/01/16,2025/01/21,22.37,23.8,28.0,0.0,-4.2,0.0,0.0,0,0,0,0,0.0,0,0,0,0.0,0,0,0,0.0,0,0,0,0,-1.43,0,-1.43,0.0,0,0,0,0,0,0,0,0,0,0,0,0,0,0,0,/,576854579663770444,,26.25,0.0,0,0,0.0,0,0,0,0.0,-2.45,0.0,0.0,0,0.0,0,0.0,Co-funded,0,91,0,/,/,/,/
2025/01/29,7465034299818559278,3460144546480427121,Paid,USD,Order,576854579663770444,1729429021579513969,2,Cherri String Thong | Wide Gusset Lip-Slip Free Underwear | Stretchy Breathable Organic Cotton Panties Womenswear Comfort Lady,"M/L, Black Licorice",2025/01/15,2025/01/16,2025/01/21,44.75,47.6,56.0,0.0,-8.4,0.0,0.0,0,0,0,0,0.0,0,0,0,0.0,0,0,0,0.0,0,0,0,0,-2.85,0,-2.85,0.0,0,0,0,0,0,0,0,0,0,0,0,0,0,0,0,/,576854579663770444,,52.49,0.0,0,0,0.0,0,0,0,0.0,-4.89,0.0,0.0,0,0.0,0,0.0,Co-funded,0,182,0,/,/,/,/
2025/01/29,7465034299818559278,3460144546480427121,Paid,USD,Order,576854479316161182,1729429021579645041,1,Cherri String Thong | Wide Gusset Lip-Slip Free Underwear | Stretchy Breathable Organic Cotton Panties Womenswear Comfort Lady,"M/L, Strawberry Pink",2025/01/15,2025/01/17,2025/01/21,22.37,23.8,28.0,0.0,-4.2,0.0,0.0,0,0,0,0,0.0,0,0,0,0.0,0,0,0,0.0,0,0,0,0,-1.43,0,-1.43,0.0,0,0,0,0,0,0,0,0,0,0,0,0,0,0,0,/,576854479316161182,,21.42,0.0,0,0,2.38,0,0,0,0.0,0.0,0.0,0.0,0,0.0,0,0.0,/,0,91,0,/,/,/,/
2025/01/29,7465034299818559278,3460144546480427121,Paid,USD,Order,576854402376765522,1729429021579579505,1,Cherri String Thong | Wide Gusset Lip-Slip Free Underwear | Stretchy Breathable Organic Cotton Panties Womenswear Comfort Lady,"M/L, Red Candy Apple",2025/01/15,2025/01/17,2025/01/21,22.38,23.8,28.0,0.0,-4.2,0.0,0.0,0,0,0,0,0.0,0,0,0,0.0,0,0,0,0.0,0,0,0,0,-1.42,0,-1.42,0.0,0,0,0,0,0,0,0,0,0,0,0,0,0,0,0,/,576854402376765522,,25.85,0.0,0,0,0.0,0,0,0,0.0,-2.05,0.0,0.0,0,0.0,0,0.0,Co-funded,0,91,0,/,/,/,/
2025/01/29,7465034299818559278,3460144546480427121,Paid,USD,Order,576854402376765522,1729429021579645041,1,Cherri String Thong | Wide Gusset Lip-Slip Free Underwear | Stretchy Breathable Organic Cotton Panties Womenswear Comfort Lady,"M/L, Strawberry Pink",2025/01/15,2025/01/17,2025/01/21,22.37,23.8,28.0,0.0,-4.2,0.0,0.0,0,0,0,0,0.0,0,0,0,0.0,0,0,0,0.0,0,0,0,0,-1.43,0,-1.43,0.0,0,0,0,0,0,0,0,0,0,0,0,0,0,0,0,/,576854402376765522,,25.85,0.0,0,0,0.0,0,0,0,0.0,-2.05,0.0,0.0,0,0.0,0,0.0,Co-funded,0,91,0,/,/,/,/
2025/01/29,7465034299818559278,3460144546480427121,Paid,USD,Order,576854402376765522,1729429021579513969,1,Cherri String Thong | Wide Gusset Lip-Slip Free Underwear | Stretchy Breathable Organic Cotton Panties Womenswear Comfort Lady,"M/L, Black Licorice",2025/01/15,2025/01/17,2025/01/21,22.37,23.8,28.0,0.0,-4.2,0.0,0.0,0,0,0,0,0.0,0,0,0,0.0,0,0,0,0.0,0,0,0,0,-1.43,0,-1.43,0.0,0,0,0,0,0,0,0,0,0,0,0,0,0,0,0,/,576854402376765522,,25.85,0.0,0,0,0.0,0,0,0,0.0,-2.05,0.0,0.0,0,0.0,0,0.0,Co-funded,0,91,0,/,/,/,/
2025/01/29,7465034299818559278,3460144546480427121,Paid,USD,Order,576854184448135956,1729429021579513969,1,Cherri String Thong | Wide Gusset Lip-Slip Free Underwear | Stretchy Breathable Organic Cotton Panties Womenswear Comfort Lady,"M/L, Black Licorice",2025/01/14,2025/01/15,2025/01/21,22.37,23.8,28.0,0.0,-4.2,0.0,0.0,0,0,0,0,0.0,0,0,0,0.0,0,0,0,0.0,0,0,0,0,-1.43,0,-1.43,0.0,0,0,0,0,0,0,0,0,0,0,0,0,0,0,0,/,576854184448135956,,18.97,0.0,0,0,7.14,0,0,0,0.0,-2.31,0.0,0.0,0,0.0,0,0.0,/,0,91,0,/,/,/,/
2025/01/29,7465034299818559278,3460144546480427121,Paid,USD,Order,576854151184028445,1729429021579579505,2,Cherri String Thong | Wide Gusset Lip-Slip Free Underwear | Stretchy Breathable Organic Cotton Panties Womenswear Comfort Lady,"M/L, Red Candy Apple",2025/01/14,2025/01/15,2025/01/21,44.74,47.6,56.0,0.0,-8.4,0.0,0.0,0,0,0,0,0.0,0,0,0,0.0,0,0,0,0.0,0,0,0,0,-2.86,0,-2.86,0.0,0,0,0,0,0,0,0,0,0,0,0,0,0,0,0,/,576854151184028445,,39.8,0.0,0,0,10.0,0,0,0,0.0,-1.91,0.0,-0.29,0,0.0,0,0.0,Co-funded,0,182,0,/,/,/,/
2025/01/29,7465034299818559278,3460144546480427121,Paid,USD,Order,576853483338895737,1729385494512570481,1,Cherri Thong Bodysuit | Wide Gusset Lip-Slip Free Intimates | Stretchy Soft Organic Cotton,"2X/3X, Coconut",2025/01/14,2025/01/17,2025/01/21,34.1,35.7,42.0,0.0,-6.3,0.0,0.54,0,0,0,0,0.0,0,0,0,0.54,0,0,0,0.0,0,0,0,0,-2.14,0,-2.14,0.0,0,0,0,0,0,0,0,0,0,0,0,0,0,0,0,/,576853483338895737,,34.02,0.0,0,0,3.82,0,0,0,0.0,-2.14,0.0,0.0,0,1.41,0,-1.41,Co-funded,0,250,0,/,/,/,/
2025/01/29,7465034299818559278,3460144546480427121,Paid,USD,Order,576853483338895737,1729421287926698097,1,Cherri Underwear Mystery Bag,2X/3X,2025/01/14,2025/01/17,2025/01/21,64.46,68.0,80.0,0.0,-12.0,0.0,0.54,0,0,0,0,0.0,0,0,0,0.54,0,0,0,0.0,0,0,0,0,-4.08,0,-4.08,0.0,0,0,0,0,0,0,0,0,0,0,0,0,0,0,0,/,576853483338895737,,64.81,0.0,0,0,7.27,0,0,0,0.0,-4.08,0.0,0.0,0,1.41,0,-1.41,Co-funded,0,250,0,/,/,/,/
2025/01/29,7465034299818559278,3460144546480427121,Paid,USD,Order,576853483338895737,1729429023532945521,1,Cherri String Thong | Wide Gusset Lip-Slip Free Underwear | Stretchy Breathable Organic Cotton Panties Womenswear Comfort Lady,"2X/3X, Cherry",2025/01/14,2025/01/17,2025/01/21,22.56,23.8,28.0,0.0,-4.2,0.0,0.19,0,0,0,0,0.0,0,0,0,0.19,0,0,0,0.0,0,0,0,0,-1.43,0,-1.43,0.0,0,0,0,0,0,0,0,0,0,0,0,0,0,0,0,/,576853483338895737,,22.68,0.0,0,0,2.55,0,0,0,0.0,-1.43,0.0,0.0,0,0.53,0,-0.53,Co-funded,0,91,0,/,/,/,/
2025/01/29,7465034299818559278,3460144546480427121,Paid,USD,Order,576853483338895737,1729422243159511153,1,Cherri Thong Bodysuit | Wide Gusset Lip-Slip Free Intimates | Stretchy Soft Organic Cotton,"2X/3X, Cocoa",2025/01/14,2025/01/17,2025/01/21,34.09,35.7,42.0,0.0,-6.3,0.0,0.53,0,0,0,0,0.0,0,0,0,0.53,0,0,0,0.0,0,0,0,0,-2.14,0,-2.14,0.0,0,0,0,0,0,0,0,0,0,0,0,0,0,0,0,/,576853483338895737,,34.02,0.0,0,0,3.82,0,0,0,0.0,-2.14,0.0,0.0,0,1.42,0,-1.42,Co-funded,0,250,0,/,/,/,/
2025/01/29,7465034299818559278,3460144546480427121,Paid,USD,Order,576853483338895737,1729429023532879985,1,Cherri String Thong | Wide Gusset Lip-Slip Free Underwear | Stretchy Breathable Organic Cotton Panties Womenswear Comfort Lady,"2X/3X, Strawberry Pink",2025/01/14,2025/01/17,2025/01/21,22.57,23.8,28.0,0.0,-4.2,0.0,0.2,0,0,0,0,0.0,0,0,0,0.2,0,0,0,0.0,0,0,0,0,-1.43,0,-1.43,0.0,0,0,0,0,0,0,0,0,0,0,0,0,0,0,0,/,576853483338895737,,22.69,0.0,0,0,2.54,0,0,0,0.0,-1.43,0.0,0.0,0,0.53,0,-0.53,Co-funded,0,91,0,/,/,/,/
2025/01/29,7465034299818559278,3460144546480427121,Paid,USD,Order,576853303878324884,1729429021579513969,3,Cherri String Thong | Wide Gusset Lip-Slip Free Underwear | Stretchy Breathable Organic Cotton Panties Womenswear Comfort Lady,"M/L, Black Licorice",2025/01/14,2025/01/15,2025/01/21,67.12,71.4,84.0,0.0,-12.6,0.0,0.0,0,0,0,0,0.0,0,0,0,0.0,0,0,0,0.0,0,0,0,0,-4.28,0,-4.28,0.0,0,0,0,0,0,0,0,0,0,0,0,0,0,0,0,/,576853303878324884,,75.93,0.0,0,0,0.0,0,0,0,0.0,-4.53,0.0,0.0,0,0.0,0,0.0,Co-funded,0,273,0,/,/,/,/
2025/01/29,7465034299818559278,3460144546480427121,Paid,USD,Order,576853173633454468,1729429021579120753,1,Cherri String Thong | Wide Gusset Lip-Slip Free Underwear | Stretchy Breathable Organic Cotton Panties Womenswear Comfort Lady,"S/M, Strawberry Pink",2025/01/14,2025/01/15,2025/01/21,22.37,23.8,28.0,0.0,-4.2,0.0,0.0,0,0,0,0,0.0,0,0,0,0.0,0,0,0,0.0,0,0,0,0,-1.43,0,-1.43,0.0,0,0,0,0,0,0,0,0,0,0,0,0,0,0,0,/,576853173633454468,,23.8,0.0,0,0,0.0,0,0,0,0.0,0.0,0.0,0.0,0,0.0,0,0.0,/,0,91,0,/,/,/,/
2025/01/29,7465034299818559278,3460144546480427121,Paid,USD,Order,576853099539567415,1729429021579120753,1,Cherri String Thong | Wide Gusset Lip-Slip Free Underwear | Stretchy Breathable Organic Cotton Panties Womenswear Comfort Lady,"S/M, Strawberry Pink",2025/01/13,2025/01/15,2025/01/21,22.37,23.8,28.0,0.0,-4.2,0.0,0.0,0,0,0,0,0.0,0,0,0,0.0,0,0,0,0.0,0,0,0,0,-1.43,0,-1.43,0.0,0,0,0,0,0,0,0,0,0,0,0,0,0,0,0,/,576853099539567415,,25.83,0.0,0,0,0.0,0,0,0,0.0,-2.03,0.0,0.0,0,0.0,0,0.0,/,0,91,0,/,/,/,/
2025/01/26,7463639001841370922,3460136195107426417,Paid,USD,Order,576862688906285317,1729422244311044209,1,Cherri High Cut Thong | Wide Gusset Lip Slip Free Underwear | Stretchy Breathable Organic Cotton Panties Womenswear,"M/L, Black Licorice",2025/01/21,/,/,-0.29,0.0,28.0,-28.0,-4.2,4.2,0.0,0,0,0,0,0.0,0,0,0,0.0,0,0,0,0.0,0,0,0,0,-0.29,0,0.0,-0.29,0,0,0,0,0,0,0,0,0,0,0,0,0,0,0,/,576862688906285317,,23.8,-23.8,0,0,0.0,0,0,0,0.0,0.0,0.0,0.0,0,0.0,0,0.0,/,0,250,0,/,/,/,/
2025/01/25,7463544865163511598,3460116205141135473,Paid,USD,Order,576854056649200409,1729429021580038257,1,Cherri String Thong | Wide Gusset Lip-Slip Free Underwear | Stretchy Breathable Organic Cotton Panties Womenswear Comfort Lady,"L/XL, Black Licorice",2025/01/14,2025/01/15,2025/01/17,22.37,23.8,28.0,0.0,-4.2,0.0,0.0,0,0,0,0,0.0,0,0,0,0.0,0,0,0,0.0,0,0,0,0,-1.43,0,-1.43,0.0,0,0,0,0,0,0,0,0,0,0,0,0,0,0,0,/,576854056649200409,,26.07,0.0,0,0,0.0,0,0,0,0.0,-2.27,0.0,0.0,0,0.0,0,0.0,/,0,91,0,/,/,/,/
2025/01/25,7463544865163511598,3460116205141135473,Paid,USD,Order,576853226836431048,1729429017633984625,1,Cherri String Thong | Wide Gusset Lip-Slip Free Underwear | Stretchy Breathable Organic Cotton Panties Womenswear Comfort Lady,"1X/2X, Black Licorice",2025/01/14,2025/01/14,2025/01/17,22.37,23.8,28.0,0.0,-4.2,0.0,0.0,0,0,0,0,0.0,0,0,0,0.0,0,0,0,0.0,0,0,0,0,-1.43,0,-1.43,0.0,0,0,0,0,0,0,0,0,0,0,0,0,0,0,0,/,576853226836431048,,26.07,0.0,0,0,0.0,0,0,0,0.0,-2.27,0.0,0.0,0,0.0,0,0.0,/,0,91,0,/,/,/,/
2025/01/25,7463544865163511598,3460116205141135473,Paid,USD,Order,576853221676061642,1729429023532748913,1,Cherri String Thong | Wide Gusset Lip-Slip Free Underwear | Stretchy Breathable Organic Cotton Panties Womenswear Comfort Lady,"2X/3X, Black Licorice",2025/01/14,2025/01/14,2025/01/17,22.37,23.8,28.0,0.0,-4.2,0.0,0.0,0,0,0,0,0.0,0,0,0,0.0,0,0,0,0.0,0,0,0,0,-1.43,0,-1.43,0.0,0,0,0,0,0,0,0,0,0,0,0,0,0,0,0,/,576853221676061642,,26.01,0.0,0,0,0.0,0,0,0,0.0,-2.21,0.0,0.0,0,0.0,0,0.0,/,0,91,0,/,/,/,/
2025/01/25,7463544865163511598,3460116205141135473,Paid,USD,Order,576853209040326956,1729422244311306353,1,Cherri High Cut Thong | Wide Gusset Lip Slip Free Underwear | Stretchy Breathable Organic Cotton Panties Womenswear,"L/XL, Black Licorice",2025/01/14,2025/01/14,2025/01/17,22.37,23.8,28.0,0.0,-4.2,0.0,0.0,0,0,0,0,0.0,0,0,0,0.0,0,0,0,0.0,0,0,0,0,-1.43,0,-1.43,0.0,0,0,0,0,0,0,0,0,0,0,0,0,0,0,0,/,576853209040326956,,26.01,0.0,0,0,0.0,0,0,0,0.0,-2.21,0.0,0.0,0,0.0,0,0.0,/,0,250,0,/,/,/,/
2025/01/25,7463544865163511598,3460116205141135473,Paid,USD,Order,576853202318233965,1729429021580038257,3,Cherri String Thong | Wide Gusset Lip-Slip Free Underwear | Stretchy Breathable Organic Cotton Panties Womenswear Comfort Lady,"L/XL, Black Licorice",2025/01/14,2025/01/14,2025/01/17,67.12,71.4,84.0,0.0,-12.6,0.0,0.0,0,0,0,0,0.0,0,0,0,0.0,0,0,0,0.0,0,0,0,0,-4.28,0,-4.28,0.0,0,0,0,0,0,0,0,0,0,0,0,0,0,0,0,/,576853202318233965,,77.11,0.0,0,0,0.0,0,0,0,0.0,-5.71,0.0,0.0,0,0.0,0,0.0,Co-funded,0,273,0,/,/,/,/
2025/01/25,7463544865163511598,3460116205141135473,Paid,USD,Order,576853197345493417,1729429021579251825,1,Cherri String Thong | Wide Gusset Lip-Slip Free Underwear | Stretchy Breathable Organic Cotton Panties Womenswear Comfort Lady,"S/M, Polka Dot",2025/01/14,2025/01/15,2025/01/17,22.37,23.8,28.0,0.0,-4.2,0.0,0.0,0,0,0,0,0.0,0,0,0,0.0,0,0,0,0.0,0,0,0,0,-1.43,0,-1.43,0.0,0,0,0,0,0,0,0,0,0,0,0,0,0,0,0,/,576853197345493417,,25.73,0.0,0,0,0.0,0,0,0,0.0,-1.93,0.0,0.0,0,0.0,0,0.0,Co-funded,0,91,0,/,/,/,/
2025/01/25,7463544865163511598,3460116205141135473,Paid,USD,Order,576853197345493417,1729429021579055217,1,Cherri String Thong | Wide Gusset Lip-Slip Free Underwear | Stretchy Breathable Organic Cotton Panties Womenswear Comfort Lady,"S/M, Red Candy Apple",2025/01/14,2025/01/15,2025/01/17,22.37,23.8,28.0,0.0,-4.2,0.0,0.0,0,0,0,0,0.0,0,0,0,0.0,0,0,0,0.0,0,0,0,0,-1.43,0,-1.43,0.0,0,0,0,0,0,0,0,0,0,0,0,0,0,0,0,/,576853197345493417,,25.73,0.0,0,0,0.0,0,0,0,0.0,-1.93,0.0,0.0,0,0.0,0,0.0,Co-funded,0,91,0,/,/,/,/
2025/01/25,7463544865163511598,3460116205141135473,Paid,USD,Order,576853175816393355,1729429021579055217,1,Cherri String Thong | Wide Gusset Lip-Slip Free Underwear | Stretchy Breathable Organic Cotton Panties Womenswear Comfort Lady,"S/M, Red Candy Apple",2025/01/14,2025/01/15,2025/01/17,22.37,23.8,28.0,0.0,-4.2,0.0,0.0,0,0,0,0,0.0,0,0,0,0.0,0,0,0,0.0,0,0,0,0,-1.43,0,-1.43,0.0,0,0,0,0,0,0,0,0,0,0,0,0,0,0,0,/,576853175816393355,,26.24,0.0,0,0,0.0,0,0,0,0.0,-2.15,0.0,-0.29,0,0.0,0,0.0,/,0,91,0,/,/,/,/
2025/01/25,7463544865163511598,3460116205141135473,Paid,USD,Order,576853170010099896,1729420445695381617,1,Cherri High Cut Bikini Bottom | Wide Gusset Lip-Slip Free Swimwear,"2X/3X, Black Licorice",2025/01/14,2025/01/15,2025/01/17,15.98,17.0,20.0,0.0,-3.0,0.0,0.0,0,0,0,0,0.0,0,0,0,0.0,0,0,0,0.0,0,0,0,0,-1.02,0,-1.02,0.0,0,0,0,0,0,0,0,0,0,0,0,0,0,0,0,/,576853170010099896,,18.72,0.0,0,0,0.0,0,0,0,0.0,-1.72,0.0,0.0,0,0.0,0,0.0,/,0,91,0,/,/,/,/
2025/01/25,7463544865163511598,3460116205141135473,Paid,USD,Order,576853166028984910,1729421287926435953,1,Cherri Underwear Mystery Bag,S/M,2025/01/14,2025/01/15,2025/01/17,63.92,68.0,80.0,0.0,-12.0,0.0,0.0,0,0,0,0,0.0,0,0,0,0.0,0,0,0,0.0,0,0,0,0,-4.08,0,-4.08,0.0,0,0,0,0,0,0,0,0,0,0,0,0,0,0,0,/,576853166028984910,,61.01,0.0,0,0,12.6,0,0,0,0.0,-5.61,0.0,0.0,0,0.0,0,0.0,Co-funded,0,250,0,/,/,/,/
2025/01/25,7463544865163511598,3460116205141135473,Paid,USD,Order,576853145059693255,1729429017633984625,2,Cherri String Thong | Wide Gusset Lip-Slip Free Underwear | Stretchy Breathable Organic Cotton Panties Womenswear Comfort Lady,"1X/2X, Black Licorice",2025/01/14,2025/01/14,2025/01/17,44.74,47.6,56.0,0.0,-8.4,0.0,0.0,0,0,0,0,0.0,0,0,0,0.0,0,0,0,0.0,0,0,0,0,-2.86,0,-2.86,0.0,0,0,0,0,0,0,0,0,0,0,0,0,0,0,0,/,576853145059693255,,52.07,0.0,0,0,0.0,0,0,0,0.0,-4.47,0.0,0.0,0,0.0,0,0.0,Co-funded,0,182,0,/,/,/,/
2025/01/25,7463544865163511598,3460116205141135473,Paid,USD,Order,576853145059693255,1729429023532617841,1,Cherri String Thong | Wide Gusset Lip-Slip Free Underwear | Stretchy Breathable Organic Cotton Panties Womenswear Comfort Lady,"1X/2X, Blueberry",2025/01/14,2025/01/14,2025/01/17,22.37,23.8,28.0,0.0,-4.2,0.0,0.0,0,0,0,0,0.0,0,0,0,0.0,0,0,0,0.0,0,0,0,0,-1.43,0,-1.43,0.0,0,0,0,0,0,0,0,0,0,0,0,0,0,0,0,/,576853145059693255,,26.04,0.0,0,0,0.0,0,0,0,0.0,-2.24,0.0,0.0,0,0.0,0,0.0,Co-funded,0,91,0,/,/,/,/
2025/01/25,7463544865163511598,3460116205141135473,Paid,USD,Order,576853145059693255,1729429017634050161,1,Cherri String Thong | Wide Gusset Lip-Slip Free Underwear | Stretchy Breathable Organic Cotton Panties Womenswear Comfort Lady,"1X/2X, Red Candy Apple",2025/01/14,2025/01/14,2025/01/17,22.37,23.8,28.0,0.0,-4.2,0.0,0.0,0,0,0,0,0.0,0,0,0,0.0,0,0,0,0.0,0,0,0,0,-1.43,0,-1.43,0.0,0,0,0,0,0,0,0,0,0,0,0,0,0,0,0,/,576853145059693255,,26.04,0.0,0,0,0.0,0,0,0,0.0,-2.24,0.0,0.0,0,0.0,0,0.0,Co-funded,0,91,0,/,/,/,/
2025/01/25,7463544865163511598,3460116205141135473,Paid,USD,Order,576853145059693255,1729429017634246769,1,Cherri String Thong | Wide Gusset Lip-Slip Free Underwear | Stretchy Breathable Organic Cotton Panties Womenswear Comfort Lady,"1X/2X, Polka Dot",2025/01/14,2025/01/14,2025/01/17,22.37,23.8,28.0,0.0,-4.2,0.0,0.0,0,0,0,0,0.0,0,0,0,0.0,0,0,0,0.0,0,0,0,0,-1.43,0,-1.43,0.0,0,0,0,0,0,0,0,0,0,0,0,0,0,0,0,/,576853145059693255,,26.04,0.0,0,0,0.0,0,0,0,0.0,-2.24,0.0,0.0,0,0.0,0,0.0,Co-funded,0,91,0,/,/,/,/
2025/01/25,7463544865163511598,3460116205141135473,Paid,USD,Order,576853145059693255,1729429023532683377,2,Cherri String Thong | Wide Gusset Lip-Slip Free Underwear | Stretchy Breathable Organic Cotton Panties Womenswear Comfort Lady,"1X/2X, Pink Guava",2025/01/14,2025/01/14,2025/01/17,44.75,47.6,56.0,0.0,-8.4,0.0,0.0,0,0,0,0,0.0,0,0,0,0.0,0,0,0,0.0,0,0,0,0,-2.85,0,-2.85,0.0,0,0,0,0,0,0,0,0,0,0,0,0,0,0,0,/,576853145059693255,,52.07,0.0,0,0,0.0,0,0,0,0.0,-4.47,0.0,0.0,0,0.0,0,0.0,Co-funded,0,182,0,/,/,/,/
2025/01/25,7463544865163511598,3460116205141135473,Paid,USD,Order,576853103940637388,1729429021579055217,1,Cherri String Thong | Wide Gusset Lip-Slip Free Underwear | Stretchy Breathable Organic Cotton Panties Womenswear Comfort Lady,"S/M, Red Candy Apple",2025/01/13,2025/01/15,2025/01/17,22.37,23.8,28.0,0.0,-4.2,0.0,0.0,0,0,0,0,0.0,0,0,0,0.0,0,0,0,0.0,0,0,0,0,-1.43,0,-1.43,0.0,0,0,0,0,0,0,0,0,0,0,0,0,0,0,0,/,576853103940637388,,25.85,0.0,0,0,0.0,0,0,0,0.0,-2.05,0.0,0.0,0,0.0,0,0.0,/,0,91,0,/,/,/,/
2025/01/25,7463544865163511598,3460116205141135473,Paid,USD,Order,576852034264338510,1729428928760746097,1,Cherri String Bikini Bottom | Wide Gusset Lip-Slip Free Swimwear | Cheeky Brazilian Style,"XS/S, Black Licorice",2025/01/13,2025/01/13,2025/01/17,15.98,17.0,20.0,0.0,-3.0,0.0,0.0,0,0,0,0,0.0,0,0,0,0.0,0,0,0,0.0,0,0,0,0,-1.02,0,-1.02,0.0,0,0,0,0,0,0,0,0,0,0,0,0,0,0,0,/,576852034264338510,,15.3,0.0,0,0,1.7,0,0,0,0.0,0.0,0.0,0.0,0,0.0,0,0.0,Co-funded,0,250,0,/,/,/,/
2025/01/25,7463544865163511598,3460116205141135473,Paid,USD,Order,576852034264338510,1729385494484324465,1,Cherri String Bikini Bottom | Wide Gusset Lip-Slip Free Swimwear | Cheeky Brazilian Style,"XS/S, Bubblegum Pink",2025/01/13,2025/01/13,2025/01/17,15.98,17.0,20.0,0.0,-3.0,0.0,0.0,0,0,0,0,0.0,0,0,0,0.0,0,0,0,0.0,0,0,0,0,-1.02,0,-1.02,0.0,0,0,0,0,0,0,0,0,0,0,0,0,0,0,0,/,576852034264338510,,15.3,0.0,0,0,1.7,0,0,0,0.0,0.0,0.0,0.0,0,0.0,0,0.0,Co-funded,0,250,0,/,/,/,/
2025/01/24,7463157155353446190,3460108762233933937,Paid,USD,Order,576848913511911500,1729429021579645041,1,Cherri String Thong | Wide Gusset Lip-Slip Free Underwear | Stretchy Breathable Organic Cotton Panties Womenswear Comfort Lady,"M/L, Strawberry Pink",2025/01/10,2025/01/13,2025/01/16,22.37,23.8,28.0,0.0,-4.2,0.0,0.0,0,0,0,0,0.0,0,0,0,0.0,0,0,0,0.0,0,0,0,0,-1.43,0,-1.43,0.0,0,0,0,0,0,0,0,0,0,0,0,0,0,0,0,/,576848913511911500,,25.57,0.0,0,0,0.0,0,0,0,0.0,-1.77,0.0,0.0,0,0.0,0,0.0,/,0,91,0,/,/,/,/
2025/01/22,7462482403026569006,3460093625766744177,Paid,USD,Order,576845797447864803,1729429017634246769,1,Cherri String Thong | Wide Gusset Lip-Slip Free Underwear | Stretchy Breathable Organic Cotton Panties Womenswear Comfort Lady,"1X/2X, Polka Dot",2025/01/08,2025/01/09,2025/01/14,23.37,23.8,28.0,0.0,-4.2,0.0,1.0,0,0,0,0,0.0,0,0,0,1.0,0,0,0,0.0,0,0,0,0,-1.43,0,-1.43,0.0,0,0,0,0,0,0,0,0,0,0,0,0,0,0,0,/,576845797447864803,,25.41,0.0,0,0,0.0,0,0,0,0.0,-1.61,0.0,0.0,0,2.65,0,-2.65,Co-funded,0,91,0,/,/,/,/
2025/01/22,7462482403026569006,3460093625766744177,Paid,USD,Order,576845797447864803,1729429017633984625,1,Cherri String Thong | Wide Gusset Lip-Slip Free Underwear | Stretchy Breathable Organic Cotton Panties Womenswear Comfort Lady,"1X/2X, Black Licorice",2025/01/08,2025/01/09,2025/01/14,23.37,23.8,28.0,0.0,-4.2,0.0,1.0,0,0,0,0,0.0,0,0,0,1.0,0,0,0,0.0,0,0,0,0,-1.43,0,-1.43,0.0,0,0,0,0,0,0,0,0,0,0,0,0,0,0,0,/,576845797447864803,,25.41,0.0,0,0,0.0,0,0,0,0.0,-1.61,0.0,0.0,0,2.65,0,-2.65,Co-funded,0,91,0,/,/,/,/
2025/01/21,7462026568182056750,3460084529654501489,Paid,USD,Order,576835640365977977,1729429021579055217,1,Cherri String Thong | Wide Gusset Lip-Slip Free Underwear | Stretchy Breathable Organic Cotton Panties Womenswear Comfort Lady,"S/M, Red Candy Apple",2024/12/30,2025/01/07,2025/01/13,19.74,21.0,21.0,0.0,0.0,0.0,0.0,0,0,0,0,0.0,0,0,0,0.0,0,0,0,0.0,0,0,0,0,-1.26,0,-1.26,0.0,0,0,0,0,0,0,0,0,0,0,0,0,0,0,0,/,576835640365977977,,22.68,0.0,0,0,0.0,0,0,0,0.0,-1.68,0.0,0.0,0,0.0,0,0.0,/,0,91,0,/,/,/,/
2025/01/19,7461325388887770926,3460074610734239857,Paid,USD,Order,576844280721739865,1729420443136004209,1,Cherri Mid-Rise Thong | Wide Gusset Lip-Slip Free Underwear | Stretchy Breathable Organic Cotton Panties Womenswear,"1X/2X, Blueberry",2025/01/06,2025/01/07,2025/01/10,22.37,23.8,28.0,0.0,-4.2,0.0,0.0,0,0,0,0,0.0,0,0,0,0.0,0,0,0,0.0,0,0,0,0,-1.43,0,-1.43,0.0,0,0,0,0,0,0,0,0,0,0,0,0,0,0,0,/,576844280721739865,,22.52,0.0,0,0,2.38,0,0,0,0.0,-1.1,0.0,0.0,0,0.0,0,0.0,/,0,91,0,/,/,/,/
2025/01/19,7461325388887770926,3460074610734239857,Paid,USD,Order,576840672685232733,1729429021579382897,1,Cherri String Thong | Wide Gusset Lip-Slip Free Underwear | Stretchy Breathable Organic Cotton Panties Womenswear Comfort Lady,"S/M, Blueberry",2025/01/03,2025/01/08,2025/01/11,19.74,21.0,21.0,0.0,0.0,0.0,0.0,0,0,0,0,0.0,0,0,0,0.0,0,0,0,0.0,0,0,0,0,-1.26,0,-1.26,0.0,0,0,0,0,0,0,0,0,0,0,0,0,0,0,0,/,576840672685232733,,21.0,0.0,0,0,0.0,0,0,0,0.0,0.0,0.0,0.0,0,0.0,0,0.0,/,0,91,0,/,/,/,/
2025/01/18,7460955361567622958,3460066065075769457,Paid,USD,Order,576839353239507013,1729420443135152241,1,Cherri Mid-Rise Thong | Wide Gusset Lip-Slip Free Underwear | Stretchy Breathable Organic Cotton Panties Womenswear,"S/M, Pink Guava",2025/01/02,2025/01/07,2025/01/10,19.74,21.0,21.0,0.0,0.0,0.0,0.0,0,0,0,0,0.0,0,0,0,0.0,0,0,0,0.0,0,0,0,0,-1.26,0,-1.26,0.0,0,0,0,0,0,0,0,0,0,0,0,0,0,0,0,/,576839353239507013,,21.32,0.0,0,0,1.67,0,0,0,0.0,-1.99,0.0,0.0,0,0.0,0,0.0,/,0,91,0,/,/,/,/
2025/01/16,7460238713659082542,3460052194202718321,Paid,USD,Order,576835144641581608,1729429021579579505,1,Cherri String Thong | Wide Gusset Lip-Slip Free Underwear | Stretchy Breathable Organic Cotton Panties Womenswear Comfort Lady,"M/L, Red Candy Apple",2024/12/30,2025/01/02,2025/01/08,19.74,21.0,21.0,0.0,0.0,0.0,0.0,0,0,0,0,0.0,0,0,0,0.0,0,0,0,0.0,0,0,0,0,-1.26,0,-1.26,0.0,0,0,0,0,0,0,0,0,0,0,0,0,0,0,0,/,576835144641581608,,12.99,0.0,0,0,10.0,0,0,0,0.0,-1.99,0.0,0.0,0,0.0,0,0.0,/,0,91,0,/,/,/,/
2025/01/12,7458589728158254890,3460032067862892657,Paid,USD,Order,576799489429574214,1729385494227292273,1,Cherri Mid-Rise Thong | Wide Gusset Lip-Slip Free Underwear | Stretchy Breathable Organic Cotton Panties Womenswear,"2X/3X, Black Licorice",2024/12/01,2024/12/04,/,-0.24,0.0,19.6,-19.6,0.0,0.0,0.0,0,0,0,0,0.0,0,0,0,0.0,0,0,0,0.0,0,0,0,0,-0.24,0,0.0,-0.24,0,0,0,0,0,0,0,0,0,0,0,0,0,0,0,/,576799489429574214,,21.31,-21.31,0,0,0.0,0,0,0,0.0,-1.71,1.71,0.0,0,0.0,0,0.0,/,0,91,0,/,/,/,/
2025/01/11,7458114248267351851,3460020354914816113,Paid,USD,Order,576837369163452918,1729421287926567025,1,Cherri Underwear Mystery Bag,L/XL,2025/01/01,2025/01/03,2025/01/06,77.6,80.0,80.0,0.0,0.0,0.0,0.0,0,0,0,0,0.0,0,0,0,0.0,0,0,0,0.0,0,0,0,0,-2.4,0,-2.4,0.0,0,0,0,0,0,0,0,0,0,0,0,0,0,0,0,/,576837369163452918,,84.0,0.0,0,0,0.0,0,0,0,2.4,-4.0,0.0,0.0,0,0.0,0,0.0,Co-funded,0,250,0,/,/,/,/
2025/01/11,7458114248267351851,3460020354914816113,Paid,USD,Order,576835637005882225,1729429021579645041,1,Cherri String Thong | Wide Gusset Lip-Slip Free Underwear | Stretchy Breathable Organic Cotton Panties Womenswear Comfort Lady,"M/L, Strawberry Pink",2024/12/30,2025/01/02,2025/01/06,24.72,21.0,21.0,0.0,0.0,0.0,5.3,0,0,0,0,5.3,0,0,0,0.0,0,0,0,0.0,0,0,0,0,-1.58,0,-1.58,0.0,0,0,0,0,0,0,0,0,0,0,0,0,0,0,0,/,576835637005882225,,28.07,0.0,0,0,0.0,0,0,0,0.0,-1.77,0.0,0.0,0,5.3,0,0.0,/,0,91,0,/,/,/,/
2025/01/11,7458114248267351851,3460020354914816113,Paid,USD,Order,576834479232160186,1729422244310519921,1,Cherri High Cut Thong | Wide Gusset Lip Slip Free Underwear | Stretchy Breathable Organic Cotton Panties Womenswear,"XS/S, Black Licorice",2024/12/29,2025/01/02,2025/01/06,19.74,21.0,21.0,0.0,0.0,0.0,0.0,0,0,0,0,0.0,0,0,0,0.0,0,0,0,0.0,0,0,0,0,-1.26,0,-1.26,0.0,0,0,0,0,0,0,0,0,0,0,0,0,0,0,0,/,576834479232160186,,21.98,0.0,0,0,0.0,0,0,0,0.0,-0.84,0.0,-0.14,0,0.0,0,0.0,Co-funded,0,250,0,/,/,/,/
2025/01/11,7458114248267351851,3460020354914816113,Paid,USD,Order,576834479232160186,1729429021579120753,1,Cherri String Thong | Wide Gusset Lip-Slip Free Underwear | Stretchy Breathable Organic Cotton Panties Womenswear Comfort Lady,"S/M, Strawberry Pink",2024/12/29,2025/01/02,2025/01/06,19.74,21.0,21.0,0.0,0.0,0.0,0.0,0,0,0,0,0.0,0,0,0,0.0,0,0,0,0.0,0,0,0,0,-1.26,0,-1.26,0.0,0,0,0,0,0,0,0,0,0,0,0,0,0,0,0,/,576834479232160186,,21.99,0.0,0,0,0.0,0,0,0,0.0,-0.84,0.0,-0.15,0,0.0,0,0.0,Co-funded,0,91,0,/,/,/,/
2025/01/08,7456959501560891178,3460003378252189809,Paid,USD,Order,576843583530963551,1729421707549380721,1,Cherri Bikini Brief Panty | Wide Gusset Lip-Slip Free Underwear | Stretchy Breathable Organic Cotton Panties Womenswear,"S/M, Black Licorice",2025/01/06,/,/,-0.33,0.0,28.0,-28.0,0.0,0.0,0.0,0,0,0,0,0.0,0,0,0,0.0,0,0,0,0.0,0,0,0,0,-0.33,0,0.0,-0.33,0,0,0,0,0,0,0,0,0,0,0,0,0,0,0,/,576843583530963551,,29.78,-29.78,0,0,0.0,0,0,0,0.0,-1.78,1.78,0.0,0,0.0,0,0.0,Co-funded,0,400,0,/,/,/,/
2025/01/08,7456959501560891178,3460003378252189809,Paid,USD,Order,576843583530963551,1729385494227226737,1,Cherri Mid-Rise Thong | Wide Gusset Lip-Slip Free Underwear | Stretchy Breathable Organic Cotton Panties Womenswear,"S/M, Black Licorice",2025/01/06,/,/,-0.34,0.0,28.0,-28.0,0.0,0.0,0.0,0,0,0,0,0.0,0,0,0,0.0,0,0,0,0.0,0,0,0,0,-0.34,0,0.0,-0.34,0,0,0,0,0,0,0,0,0,0,0,0,0,0,0,/,576843583530963551,,29.78,-29.78,0,0,0.0,0,0,0,0.0,-1.78,1.78,0.0,0,0.0,0,0.0,Co-funded,0,91,0,/,/,/,/
2025/01/08,7456959501560891178,3460003378252189809,Paid,USD,Order,576833444159394712,1729422244311044209,1,Cherri High Cut Thong | Wide Gusset Lip Slip Free Underwear | Stretchy Breathable Organic Cotton Panties Womenswear,"M/L, Black Licorice",2024/12/28,2024/12/30,2025/01/03,19.74,21.0,21.0,0.0,0.0,0.0,0.0,0,0,0,0,0.0,0,0,0,0.0,0,0,0,0.0,0,0,0,0,-1.26,0,-1.26,0.0,0,0,0,0,0,0,0,0,0,0,0,0,0,0,0,/,576833444159394712,,22.9,0.0,0,0,0.0,0,0,0,0.0,-1.9,0.0,0.0,0,0.0,0,0.0,/,0,250,0,/,/,/,/
2025/01/08,7456959501560891178,3460003378252189809,Paid,USD,Order,576833023588209082,1729422244311306353,1,Cherri High Cut Thong | Wide Gusset Lip Slip Free Underwear | Stretchy Breathable Organic Cotton Panties Womenswear,"L/XL, Black Licorice",2024/12/28,2024/12/30,2025/01/03,19.74,21.0,21.0,0.0,0.0,0.0,0.0,0,0,0,0,0.0,0,0,0,0.0,0,0,0,0.0,0,0,0,0,-1.26,0,-1.26,0.0,0,0,0,0,0,0,0,0,0,0,0,0,0,0,0,/,576833023588209082,,21.0,0.0,0,0,0.0,0,0,0,0.0,0.0,0.0,0.0,0,0.0,0,0.0,/,0,250,0,/,/,/,/
2025/01/08,7456959501560891178,3460003378252189809,Paid,USD,Order,576829818339693378,1729429021579513969,1,Cherri String Thong | Wide Gusset Lip-Slip Free Underwear | Stretchy Breathable Organic Cotton Panties Womenswear Comfort Lady,"M/L, Black Licorice",2024/12/25,2024/12/27,2024/12/31,19.74,21.0,21.0,0.0,0.0,0.0,0.0,0,0,0,0,0.0,0,0,0,0.0,0,0,0,0.0,0,0,0,0,-1.26,0,-1.26,0.0,0,0,0,0,0,0,0,0,0,0,0,0,0,0,0,/,576829818339693378,,22.75,0.0,0,0,0.0,0,0,0,0.0,-1.75,0.0,0.0,0,0.0,0,0.0,/,0,91,0,/,/,/,/
2025/01/08,7456959501560891178,3460003378252189809,Paid,USD,Order,576826172811875044,1729428928761008241,1,Cherri String Bikini Bottom | Wide Gusset Lip-Slip Free Swimwear | Cheeky Brazilian Style,"M/L, Black Licorice",2024/12/22,2024/12/27,2024/12/31,21.45,20.0,20.0,0.0,0.0,0.0,2.65,0,0,0,0,0.0,0,0,0,1.0,0,0,0,1.65,0,0,0,0,-1.2,0,-1.2,0.0,0,0,0,0,0,0,0,0,0,0,0,0,0,0,0,/,576826172811875044,,21.55,0.0,0,0,0.0,0,0,0,0.0,-1.55,0.0,0.0,0,2.65,0,-2.65,Co-funded,0,250,0,/,/,/,/
2025/01/08,7456959501560891178,3460003378252189809,Paid,USD,Order,576826172811875044,1729421727801970801,1,Cherri String Bikini Top | Adjustable Straps | No Padding,"L/XL, Black Licorice",2024/12/22,2024/12/27,2024/12/31,19.57,18.0,18.0,0.0,0.0,0.0,2.65,0,0,0,0,0.0,0,0,0,1.0,0,0,0,1.65,0,0,0,0,-1.08,0,-1.08,0.0,0,0,0,0,0,0,0,0,0,0,0,0,0,0,0,/,576826172811875044,,19.4,0.0,0,0,0.0,0,0,0,0.0,-1.4,0.0,0.0,0,2.65,0,-2.65,Co-funded,0,250,0,/,/,/,/
2025/01/08,7456959501560891178,3460003378252189809,Paid,USD,Order,576811281303834924,1729429021579513969,1,Cherri String Thong | Wide Gusset Lip-Slip Free Underwear | Stretchy Breathable Organic Cotton Panties Womenswear Comfort Lady,"M/L, Black Licorice",2024/12/10,2024/12/14,2024/12/30,24.48,20.4,28.0,0.0,-7.6,0.0,5.3,0,0,0,0,0.0,0,0,0,5.3,0,0,0,0.0,0,0,0,0,-1.22,0,-1.22,0.0,0,0,0,0,0,0,0,0,0,0,0,0,0,0,0,/,576811281303834924,,20.4,0.0,0,0,0.0,0,0,0,0.0,0.0,0.0,0.0,0,5.3,0,-5.3,/,0,91,0,/,/,/,/
2025/01/05,7456087204822288170,3459986322238443633,Paid,USD,Order,576824050632331454,1729420441754374257,2,Cherri High Cut Brief | Wide Gusset Lip Slip Free Underwear | Stretchy Breathable Organic Cotton | Thick Soft Waistband Panties Womenswear,"3X/4X, Logo Red Candy Apple",2024/12/20,2024/12/26,2024/12/28,44.46,42.0,42.0,0.0,0.0,0.0,5.3,0,0,0,0,5.3,0,0,0,0.0,0,0,0,0.0,0,0,0,0,-2.84,0,-2.84,0.0,0,0,0,0,0,0,0,0,0,0,0,0,0,0,0,/,576824050632331454,,34.61,0.0,0,0,15.0,0,0,0,0.0,-2.31,0.0,0.0,0,5.3,0,0.0,/,0,114,0,/,/,/,/
2025/01/01,7454620920796284715,3459959425071026289,Paid,USD,Order,576823486002074102,1729429017633919089,1,Cherri String Thong | Wide Gusset Lip-Slip Free Underwear | Stretchy Breathable Organic Cotton Panties Womenswear Comfort Lady,"L/XL, Pink Guava",2024/12/19,2024/12/20,2024/12/24,19.74,21.0,21.0,0.0,0.0,0.0,0.0,0,0,0,0,0.0,0,0,0,0.0,0,0,0,0.0,0,0,0,0,-1.26,0,-1.26,0.0,0,0,0,0,0,0,0,0,0,0,0,0,0,0,0,/,576823486002074102,,22.05,0.0,0,0,0.0,0,0,0,0.0,-1.05,0.0,0.0,0,0.0,0,0.0,Co-funded,0,91,0,/,/,/,/
2025/01/01,7454620920796284715,3459959425071026289,Paid,USD,Order,576823486002074102,1729429021580038257,1,Cherri String Thong | Wide Gusset Lip-Slip Free Underwear | Stretchy Breathable Organic Cotton Panties Womenswear Comfort Lady,"L/XL, Black Licorice",2024/12/19,2024/12/20,2024/12/24,19.74,21.0,21.0,0.0,0.0,0.0,0.0,0,0,0,0,0.0,0,0,0,0.0,0,0,0,0.0,0,0,0,0,-1.26,0,-1.26,0.0,0,0,0,0,0,0,0,0,0,0,0,0,0,0,0,/,576823486002074102,,22.05,0.0,0,0,0.0,0,0,0,0.0,-1.05,0.0,0.0,0,0.0,0,0.0,Co-funded,0,91,0,/,/,/,/
2025/01/01,7454620920796284715,3459959425071026289,Paid,USD,Order,576823032423223976,1729429017633853553,1,Cherri String Thong | Wide Gusset Lip-Slip Free Underwear | Stretchy Breathable Organic Cotton Panties Womenswear Comfort Lady,"L/XL, Blueberry",2024/12/19,2024/12/20,2024/12/24,19.74,21.0,21.0,0.0,0.0,0.0,0.0,0,0,0,0,0.0,0,0,0,0.0,0,0,0,0.0,0,0,0,0,-1.26,0,-1.26,0.0,0,0,0,0,0,0,0,0,0,0,0,0,0,0,0,/,576823032423223976,,22.74,0.0,0,0,0.0,0,0,0,0.0,-1.74,0.0,0.0,0,0.0,0,0.0,/,0,91,0,/,/,/,/
